기준연도,시도코드,시도명,대학구분명,대학교명,본분교구분명,설립형태구분명,평균입학금액,평균등록금액,데이터기준일자,제공기관코드,제공기관명
2023,41,경기도,대학,가톨릭대학교,본교,사립,0,7071831.5,2023-10-31,B552529,한국장학재단
2023,11,서울특별시,일반대학원,한국외국어대학교,본교,사립,1070000,9520920.6,2023-10-31,B552529,한국장학재단
2023,26,부산광역시,전문대학,한국폴리텍 VII 대학 부산캠퍼스,본교,사립,0,2432000,2023-10-31,B552529,한국장학재단
2023,31,울산광역시,전문대학,한국폴리텍 VII 대학 울산캠퍼스,본교,사립,0,2432000,2023-10-31,B552529,한국장학재단
2023,44,충청남도,대학,남서울대학교,본교,사립,0,7924048.8,2023-10-31,B552529,한국장학재단
2023,30,대전광역시,대학,한밭대학교,본교,국립,0,4471033.8,2023-10-31,B552529,한국장학재단
2023,47,경상북도,대학,경운대학교,본교,사립,0,7714151.2,2023-10-31,B552529,한국장학재단
2023,41,경기도,대학,한국공학대학교,본교,사립,0,9034615.9,2023-10-31,B552529,한국장학재단
2023,11,서울특별시,대학,서울과학기술대학교,본교,국립,0,5465375.3,2023-10-31,B552529,한국장학재단
2023,41,경기도,대학,한경대학교,본교,국립,0,4037828.1,2023-10-31,B552529,한국장학재단
2023,46,전라남도,대학,초당대학교,본교,사립,0,6665781.3,2023-10-31,B552529,한국장학재단
2023,30,대전광역시,원격대학,건양사이버대학교,본교,사립,0,2461079.5,2023-10-31,B552529,한국장학재단
2023,50,제주특별자치도,대학,제주국제대학교,본교,사립,0,5837837.8,2023-10-31,B552529,한국장학재단
2023,11,서울특별시,전문대학,정화예술대학교,제2캠퍼,사립,0,8500388,2023-10-31,B552529,한국장학재단
2023,51,강원특별자치도,대학,경동대학교,제3캠퍼,사립,0,8590332,2023-10-31,B552529,한국장학재단
2023,48,경상남도,대학,창신대학교,본교,사립,0,6406668.3,2023-10-31,B552529,한국장학재단
2023,47,경상북도,전문대학,한국폴리텍 VI 대학 영주캠퍼스,본교,사립,0,2164000,2023-10-31,B552529,한국장학재단
2023,41,경기도,대학,신한대학교,본교,사립,0,9163632.4,2023-10-31,B552529,한국장학재단
2023,44,충청남도,대학,단국대학교,제2캠퍼,사립,0,8222972.5,2023-10-31,B552529,한국장학재단
2023,41,경기도,대학,경동대학교,제4캠퍼,사립,0,7946990.5,2023-10-31,B552529,한국장학재단
2023,44,충청남도,대학,한국전통문화대학교(일반),본교,국립,0,3268785.7,2023-10-31,B552529,한국장학재단
2023,48,경상남도,대학,가야대학교(김해),본교,사립,0,6833449.7,2023-10-31,B552529,한국장학재단
2023,41,경기도,대학,신한대학교,제2캠퍼,사립,0,8695348.7,2023-10-31,B552529,한국장학재단
2023,51,강원특별자치도,전문대학,한국폴리텍 III 대학 원주캠퍼스,본교,사립,0,2174000,2023-10-31,B552529,한국장학재단
2023,50,제주특별자치도,전문대학,한국폴리텍 I 대학 제주캠퍼스,본교,사립,0,2164000,2023-10-31,B552529,한국장학재단
2023,46,전라남도,전문대학,한국폴리텍 V 대학 순천캠퍼스,본교,사립,0,0,2023-10-31,B552529,한국장학재단
2023,41,경기도,대학,을지대학교,제3캠퍼,사립,0,8227616.7,2023-10-31,B552529,한국장학재단
2023,47,경상북도,전문대학,한국폴리텍 특성화대학 로봇캠퍼스,본교,사립,0,2164000,2023-10-31,B552529,한국장학재단
2023,41,경기도,전문대학,한국폴리텍 II 대학 화성캠퍼스,본교,사립,0,0,2023-10-31,B552529,한국장학재단
2023,46,전라남도,대학,한국에너지공과대학교,본교,국립,0,9000000,2023-10-31,B552529,한국장학재단
2023,48,경상남도,전문대학,한국폴리텍 VII 대학 진주캠퍼스,본교,사립,0,0,2023-10-31,B552529,한국장학재단
2023,26,부산광역시,전문대학,한국폴리텍 VII 대학 동부산캠퍼스,본교,사립,0,1215000,2023-10-31,B552529,한국장학재단
2023,27,대구광역시,대학,한국장학대학(사립),본교,사립,0,4333333.3,2023-10-31,B552529,한국장학재단
2023,11,서울특별시,일반대학원,감리교신학대학교,본교,사립,974953.2,7608951.6,2023-10-31,B552529,한국장학재단
2023,11,서울특별시,일반대학원,건국대학교,본교,사립,1015000,10813391.4,2023-10-31,B552529,한국장학재단
2023,11,서울특별시,일반대학원,고려대학교,본교,사립,1144895.7,12481297.8,2023-10-31,B552529,한국장학재단
2023,11,서울특별시,일반대학원,경희대학교,본교,사립,954000,12176831.6,2023-10-31,B552529,한국장학재단
2023,11,서울특별시,일반대학원,광운대학교,본교,사립,983000,12377624.4,2023-10-31,B552529,한국장학재단
2023,11,서울특별시,일반대학원,국민대학교,본교,사립,1029000,12164254.8,2023-10-31,B552529,한국장학재단
2023,11,서울특별시,일반대학원,세종대학교,본교,사립,990000,11781102.6,2023-10-31,B552529,한국장학재단
2023,11,서울특별시,일반대학원,총신대학교,본교,사립,1008476.2,8707723.4,2023-10-31,B552529,한국장학재단
2023,11,서울특별시,일반대학원,덕성여자대학교,본교,사립,1094000,9515757,2023-10-31,B552529,한국장학재단
2023,11,서울특별시,일반대학원,동국대학교,본교,사립,1047000,11277941,2023-10-31,B552529,한국장학재단
2023,11,서울특별시,일반대학원,동덕여자대학교,본교,사립,813000,10679750,2023-10-31,B552529,한국장학재단
2023,28,인천광역시,대학,인천대학교,본교,국립,0,4632119.4,2023-10-31,B552529,한국장학재단
2023,44,충청남도,대학,공주교육대학교,본교,국립,0,3424000,2023-10-31,B552529,한국장학재단
2023,29,광주광역시,대학,광주교육대학교,본교,국립,0,3614681.5,2023-10-31,B552529,한국장학재단
2023,27,대구광역시,대학,대구교육대학교,본교,국립,0,3712000,2023-10-31,B552529,한국장학재단
2023,26,부산광역시,대학,부산교육대학교,본교,국립,0,3144000,2023-10-31,B552529,한국장학재단
2023,11,서울특별시,대학,서울교육대학교,본교,국립,0,3088000,2023-10-31,B552529,한국장학재단
2023,28,인천광역시,대학,경인교육대학교,본교,국립,0,3316000,2023-10-31,B552529,한국장학재단
2023,45,전라북도,대학,전주교육대학교,본교,국립,0,3458000,2023-10-31,B552529,한국장학재단
2023,48,경상남도,대학,진주교육대학교,본교,국립,0,3582454.1,2023-10-31,B552529,한국장학재단
2023,43,충청북도,대학,청주교육대학교,본교,국립,0,3414000,2023-10-31,B552529,한국장학재단
2023,51,강원특별자치도,대학,춘천교육대학교,본교,국립,0,3313000,2023-10-31,B552529,한국장학재단
2023,11,서울특별시,원격대학,한국방송통신대학교,본교,국립,0,760969.1,2023-10-31,B552529,한국장학재단
2023,31,울산광역시,대학,울산과학기술원,본교,국립,0,6211366.7,2023-10-31,B552529,한국장학재단
2023,51,강원특별자치도,대학,강릉원주대학교,제2캠퍼,국립,0,4288390.2,2023-10-31,B552529,한국장학재단
2023,51,강원특별자치도,대학,강원대학교,제2캠퍼,국립,0,4247955.6,2023-10-31,B552529,한국장학재단
2023,46,전라남도,대학,전남대학교,제2캠퍼,국립,0,4111572.3,2023-10-31,B552529,한국장학재단
2023,44,충청남도,전문대학,충남도립대학교,본교,공립,0,2454454.2,2023-10-31,B552529,한국장학재단
2023,51,강원특별자치도,전문대학,강원도립대학교,본교,공립,0,2332789,2023-10-31,B552529,한국장학재단
2023,47,경상북도,전문대학,경북도립대학교,본교,공립,0,2450118.5,2023-10-31,B552529,한국장학재단
2023,41,경기도,전문대학,한국복지대학교,본교,국립,0,2731734.4,2023-10-31,B552529,한국장학재단
2023,48,경상남도,전문대학,경남도립거창대학,본교,공립,0,2841776.2,2023-10-31,B552529,한국장학재단
2023,46,전라남도,전문대학,전남도립대학교,본교,공립,0,1934625,2023-10-31,B552529,한국장학재단
2023,48,경상남도,전문대학,경남도립남해대학,본교,공립,0,2773764.7,2023-10-31,B552529,한국장학재단
2023,43,충청북도,전문대학,충북도립대학교,본교,공립,0,1868551.7,2023-10-31,B552529,한국장학재단
2023,45,전라북도,전문대학,한국농수산대학교,본교,국립,0,0,2023-10-31,B552529,한국장학재단
2023,11,서울특별시,대학,한국예술종합학교,본교,국립,0,4806454.7,2023-10-31,B552529,한국장학재단
2023,29,광주광역시,대학,광주과학기술원,본교,국립,0,2060000,2023-10-31,B552529,한국장학재단
2023,30,대전광역시,대학,한국과학기술원,본교,국립,0,6866000,2023-10-31,B552529,한국장학재단
2023,27,대구광역시,대학,대구경북과학기술원,본교,국립,0,7280000,2023-10-31,B552529,한국장학재단
2023,29,광주광역시,대학,송원대학교,본교,사립,0,6584458.3,2023-10-31,B552529,한국장학재단
2023,28,인천광역시,대학,인천가톨릭대학교,제2캠퍼,사립,0,8418415.8,2023-10-31,B552529,한국장학재단
2023,11,서울특별시,전문대학,한국폴리텍 I 대학 서울강서캠퍼스,본교,사립,0,2494000,2023-10-31,B552529,한국장학재단
2023,41,경기도,전문대학,한국폴리텍 I 대학 성남캠퍼스,본교,사립,0,2432000,2023-10-31,B552529,한국장학재단
2023,28,인천광역시,전문대학,한국폴리텍 II 대학 남인천캠퍼스,본교,사립,0,2494000,2023-10-31,B552529,한국장학재단
2023,51,강원특별자치도,전문대학,한국폴리텍 III 대학 강릉캠퍼스,본교,사립,0,2531500,2023-10-31,B552529,한국장학재단
2023,43,충청북도,전문대학,한국폴리텍 IV 대학 청주캠퍼스,본교,사립,0,2432000,2023-10-31,B552529,한국장학재단
2023,44,충청남도,전문대학,한국폴리텍 IV 대학 아산캠퍼스,본교,사립,0,2432000,2023-10-31,B552529,한국장학재단
2023,44,충청남도,전문대학,한국폴리텍 IV 대학 홍성캠퍼스,본교,사립,0,2164000,2023-10-31,B552529,한국장학재단
2023,45,전라북도,전문대학,한국폴리텍 V 대학 전북캠퍼스,본교,사립,0,2321000,2023-10-31,B552529,한국장학재단
2023,46,전라남도,전문대학,한국폴리텍 V 대학 전남캠퍼스,본교,사립,0,2164000,2023-10-31,B552529,한국장학재단
2023,45,전라북도,전문대학,한국폴리텍 V 대학 익산캠퍼스,본교,사립,0,2432000,2023-10-31,B552529,한국장학재단
2023,47,경상북도,전문대학,한국폴리텍 VI 대학 구미캠퍼스,본교,사립,0,2432000,2023-10-31,B552529,한국장학재단
2023,51,강원특별자치도,전문대학,한국폴리텍 III 대학 춘천캠퍼스,본교,사립,0,2432000,2023-10-31,B552529,한국장학재단
2023,30,대전광역시,전문대학,한국폴리텍 IV 대학 대전캠퍼스,본교,사립,0,2432000,2023-10-31,B552529,한국장학재단
2023,29,광주광역시,전문대학,한국폴리텍 V 대학 광주캠퍼스,본교,사립,0,2432000,2023-10-31,B552529,한국장학재단
2023,27,대구광역시,전문대학,한국폴리텍 VI 대학 대구캠퍼스,본교,사립,0,2432000,2023-10-31,B552529,한국장학재단
2023,48,경상남도,전문대학,한국폴리텍 VII 대학 창원캠퍼스,본교,사립,0,2432000,2023-10-31,B552529,한국장학재단
2023,27,대구광역시,전문대학,한국폴리텍 VI 대학 영남융합기술캠퍼,본교,사립,0,2292344.3,2023-10-31,B552529,한국장학재단
2023,48,경상남도,전문대학,한국폴리텍 특성화대학 항공캠퍼스,본교,사립,0,2433568.2,2023-10-31,B552529,한국장학재단
2023,44,충청남도,전문대학,한국폴리텍 특성화대학 바이오캠퍼스,본교,사립,0,2595000,2023-10-31,B552529,한국장학재단
2023,41,경기도,전문대학,한국폴리텍 특성화대학 반도체융합캠퍼스,본교,사립,0,2432000,2023-10-31,B552529,한국장학재단
2023,41,경기도,원격대학,세계사이버대학,본교,사립,0,2250000,2023-10-31,B552529,한국장학재단
2023,27,대구광역시,원격대학,영진사이버대학교,본교,사립,0,2229000,2023-10-31,B552529,한국장학재단
2023,11,서울특별시,전문대학,국제예술대학교,본교,사립,0,4529494.7,2023-10-31,B552529,한국장학재단
2023,11,서울특별시,전문대학,백석예술대학교,본교,사립,0,7840380,2023-10-31,B552529,한국장학재단
2023,11,서울특별시,전문대학,정화예술대학교,본교,사립,0,8524000,2023-10-31,B552529,한국장학재단
2023,51,강원특별자치도,전문대학,한국골프대학교,본교,사립,0,7930000,2023-10-31,B552529,한국장학재단
2023,48,경상남도,전문대학,한국승강기대학교,본교,사립,0,7013300,2023-10-31,B552529,한국장학재단
2023,47,경상북도,원격대학,한국복지사이버대학,본교,사립,0,2193000,2023-10-31,B552529,한국장학재단
2023,51,강원특별자치도,대학,강릉원주대학교,본교,국립,0,4253274.2,2023-10-31,B552529,한국장학재단
2023,51,강원특별자치도,대학,강원대학교,본교,국립,0,4102933.2,2023-10-31,B552529,한국장학재단
2023,27,대구광역시,대학,경북대학교,본교,국립,0,4499842.9,2023-10-31,B552529,한국장학재단
2023,48,경상남도,대학,경상국립대학교,본교,국립,0,4075878.6,2023-10-31,B552529,한국장학재단
2023,44,충청남도,대학,공주대학교,본교,국립,0,3828316.9,2023-10-31,B552529,한국장학재단
2023,45,전라북도,대학,군산대학교,본교,국립,0,3918284.8,2023-10-31,B552529,한국장학재단
2023,47,경상북도,대학,금오공과대학교,본교,국립,0,3765638,2023-10-31,B552529,한국장학재단
2023,46,전라남도,대학,목포대학교,본교,국립,0,3887172.1,2023-10-31,B552529,한국장학재단
2023,46,전라남도,대학,목포해양대학교,본교,국립,0,3404767.2,2023-10-31,B552529,한국장학재단
2023,26,부산광역시,대학,부경대학교,본교,국립,0,4035530.6,2023-10-31,B552529,한국장학재단
2023,26,부산광역시,대학,부산대학교,본교,국립,0,4464815.4,2023-10-31,B552529,한국장학재단
2023,11,서울특별시,대학,서울대학교,본교,국립,0,6011719.8,2023-10-31,B552529,한국장학재단
2023,46,전라남도,대학,순천대학교,본교,국립,0,3951411.4,2023-10-31,B552529,한국장학재단
2023,47,경상북도,대학,안동대학교,본교,국립,0,3748928.4,2023-10-31,B552529,한국장학재단
2023,29,광주광역시,대학,전남대학교,본교,국립,0,4167687.8,2023-10-31,B552529,한국장학재단
2023,45,전라북도,대학,전북대학교,본교,국립,0,4431726.5,2023-10-31,B552529,한국장학재단
2023,50,제주특별자치도,대학,제주대학교,본교,국립,0,3977332.7,2023-10-31,B552529,한국장학재단
2023,48,경상남도,대학,창원대학교,본교,국립,0,3876810.2,2023-10-31,B552529,한국장학재단
2023,30,대전광역시,대학,충남대학교,본교,국립,0,4364968.4,2023-10-31,B552529,한국장학재단
2023,43,충청북도,대학,충북대학교,본교,국립,0,4289666.3,2023-10-31,B552529,한국장학재단
2023,43,충청북도,대학,한국교원대학교,본교,국립,0,3179373.6,2023-10-31,B552529,한국장학재단
2023,11,서울특별시,대학,한국체육대학교,본교,국립,0,3859865.1,2023-10-31,B552529,한국장학재단
2023,26,부산광역시,대학,한국해양대학교,본교,국립,0,3723612.3,2023-10-31,B552529,한국장학재단
2023,48,경상남도,대학,경남과학기술대학교,본교,국립,0,3824025.4,2023-10-31,B552529,한국장학재단
2023,43,충청북도,대학,한국교통대학교,본교,국립,0,4110183.8,2023-10-31,B552529,한국장학재단
2023,11,서울특별시,대학,서울시립대학교,본교,공립,0,2395890.4,2023-10-31,B552529,한국장학재단
2023,41,경기도,전문대학,청강문화산업대학교,본교,사립,0,7036156.2,2023-10-31,B552529,한국장학재단
2023,41,경기도,전문대학,국제대학교,본교,사립,0,6682105.2,2023-10-31,B552529,한국장학재단
2023,46,전라남도,전문대학,청암대학교,본교,사립,0,5547607.3,2023-10-31,B552529,한국장학재단
2023,30,대전광역시,전문대학,대전보건대학교,본교,사립,0,5665915.5,2023-10-31,B552529,한국장학재단
2023,44,충청남도,전문대학,백석문화대학교,본교,사립,0,6862914.4,2023-10-31,B552529,한국장학재단
2023,31,울산광역시,전문대학,춘해보건대학교,본교,사립,0,6134831.5,2023-10-31,B552529,한국장학재단
2023,43,충청북도,전문대학,강동대학교,본교,사립,0,5801738.3,2023-10-31,B552529,한국장학재단
2023,43,충청북도,전문대학,충청대학교,본교,사립,0,5963168.6,2023-10-31,B552529,한국장학재단
2023,28,인천광역시,전문대학,경인여자대학교,본교,사립,0,6258245.6,2023-10-31,B552529,한국장학재단
2023,44,충청남도,전문대학,신성대학교,본교,사립,0,6544616.7,2023-10-31,B552529,한국장학재단
2023,41,경기도,전문대학,김포대학교,본교,사립,0,6453745.9,2023-10-31,B552529,한국장학재단
2023,41,경기도,전문대학,동서울대학교,본교,사립,0,6831273.4,2023-10-31,B552529,한국장학재단
2023,48,경상남도,전문대학,진주보건대학교,본교,사립,0,5912294.3,2023-10-31,B552529,한국장학재단
2023,41,경기도,전문대학,서울예술대학교,본교,사립,0,8212184.7,2023-10-31,B552529,한국장학재단
2023,41,경기도,전문대학,부천대학교,본교,사립,0,6669357.2,2023-10-31,B552529,한국장학재단
2023,50,제주특별자치도,전문대학,제주한라대학교,본교,사립,0,5162560.4,2023-10-31,B552529,한국장학재단
2023,27,대구광역시,전문대학,대구과학대학교,본교,사립,0,5779090.6,2023-10-31,B552529,한국장학재단
2023,51,강원특별자치도,전문대학,강릉영동대학교,본교,사립,0,6042264.8,2023-10-31,B552529,한국장학재단
2023,11,서울특별시,전문대학,한양여자대학교,본교,사립,0,6189253.2,2023-10-31,B552529,한국장학재단
2023,44,충청남도,전문대학,혜전대학교,본교,사립,0,5828352.3,2023-10-31,B552529,한국장학재단
2023,26,부산광역시,전문대학,부산여자대학교,본교,사립,0,5964228,2023-10-31,B552529,한국장학재단
2023,47,경상북도,전문대학,호산대학교,본교,사립,0,5801199.5,2023-10-31,B552529,한국장학재단
2023,26,부산광역시,전문대학,대동대학교,본교,사립,0,6011923.3,2023-10-31,B552529,한국장학재단
2023,26,부산광역시,전문대학,부산경상대학교,본교,사립,0,5762475.1,2023-10-31,B552529,한국장학재단
2023,29,광주광역시,전문대학,동강대학교,본교,사립,0,5464931.4,2023-10-31,B552529,한국장학재단
2023,41,경기도,전문대학,경기과학기술대학교,본교,사립,0,6449584.1,2023-10-31,B552529,한국장학재단
2023,41,경기도,전문대학,경민대학교,본교,사립,0,6519835,2023-10-31,B552529,한국장학재단
2023,47,경상북도,전문대학,영남외국어대학,본교,사립,0,5576022.7,2023-10-31,B552529,한국장학재단
2023,47,경상북도,전문대학,경북전문대학교,본교,사립,0,5785791.7,2023-10-31,B552529,한국장학재단
2023,27,대구광역시,전문대학,계명문화대학교,본교,사립,0,5960246.2,2023-10-31,B552529,한국장학재단
2023,41,경기도,전문대학,계원예술대학교,본교,사립,0,7650237.4,2023-10-31,B552529,한국장학재단
2023,41,경기도,전문대학,수원과학대학교,본교,사립,0,5608023.2,2023-10-31,B552529,한국장학재단
2023,51,강원특별자치도,전문대학,송호대학교,본교,사립,0,5946981.7,2023-10-31,B552529,한국장학재단
2023,41,경기도,전문대학,동아방송예술대학교,본교,사립,0,7350814.1,2023-10-31,B552529,한국장학재단
2023,29,광주광역시,전문대학,기독간호대학교,본교,사립,0,5363375,2023-10-31,B552529,한국장학재단
2023,11,서울특별시,대학,정석대학,본교,사립,0,0,2023-10-31,B552529,한국장학재단
2023,41,경기도,전문대학,웅지세무대학교,본교,사립,0,6960000,2023-10-31,B552529,한국장학재단
2023,41,경기도,전문대학,서정대학교,본교,사립,0,6289153.5,2023-10-31,B552529,한국장학재단
2023,51,강원특별자치도,전문대학,송곡대학교,본교,사립,0,5469242.6,2023-10-31,B552529,한국장학재단
2023,48,경상남도,전문대학,김해대학교,본교,사립,0,5925590.3,2023-10-31,B552529,한국장학재단
2023,41,경기도,전문대학,ICT폴리텍대학,본교,사립,0,2380000,2023-10-31,B552529,한국장학재단
2023,11,서울특별시,전문대학,한국폴리텍 I 대학 서울정수캠퍼스,본교,사립,0,2494000,2023-10-31,B552529,한국장학재단
2023,28,인천광역시,전문대학,한국폴리텍 II 대학 인천캠퍼스,본교,사립,0,2494000,2023-10-31,B552529,한국장학재단
2023,45,전라북도,전문대학,군산간호대학교,본교,사립,0,6353625,2023-10-31,B552529,한국장학재단
2023,11,서울특별시,전문대학,서일대학교,본교,사립,0,6090479.9,2023-10-31,B552529,한국장학재단
2023,41,경기도,전문대학,용인예술과학대학교,본교,사립,0,6961507.5,2023-10-31,B552529,한국장학재단
2023,41,경기도,전문대학,수원여자대학교,본교,사립,0,6750408.3,2023-10-31,B552529,한국장학재단
2023,46,전라남도,전문대학,순천제일대학교,본교,사립,0,5462589.7,2023-10-31,B552529,한국장학재단
2023,11,서울특별시,전문대학,숭의여자대학교,본교,사립,0,5967167.8,2023-10-31,B552529,한국장학재단
2023,41,경기도,전문대학,신구대학교,본교,사립,0,6667323.4,2023-10-31,B552529,한국장학재단
2023,45,전라북도,전문대학,전주비전대학교,본교,사립,0,6234028.3,2023-10-31,B552529,한국장학재단
2023,30,대전광역시,전문대학,대전과학기술대학교,본교,사립,0,5893709.6,2023-10-31,B552529,한국장학재단
2023,46,전라남도,전문대학,고구려대학교,본교,사립,0,4417214.1,2023-10-31,B552529,한국장학재단
2023,46,전라남도,전문대학,광양보건대학교,본교,사립,0,5608630.3,2023-10-31,B552529,한국장학재단
2023,47,경상북도,전문대학,경북보건대학교,본교,사립,0,5612046.4,2023-10-31,B552529,한국장학재단
2023,48,경상남도,전문대학,연암공과대학교,본교,사립,0,5562859.1,2023-10-31,B552529,한국장학재단
2023,44,충청남도,전문대학,연암대학교,본교,사립,0,6244519,2023-10-31,B552529,한국장학재단
2023,41,경기도,전문대학,연성대학교,본교,사립,0,6503345.4,2023-10-31,B552529,한국장학재단
2023,27,대구광역시,전문대학,영남이공대학교,본교,사립,0,6231339.3,2023-10-31,B552529,한국장학재단
2023,46,전라남도,전문대학,목포과학대학교,본교,사립,0,5741668.6,2023-10-31,B552529,한국장학재단
2023,27,대구광역시,전문대학,영진전문대학교,본교,사립,0,6207720.4,2023-10-31,B552529,한국장학재단
2023,41,경기도,전문대학,오산대학교,본교,사립,0,6743620.2,2023-10-31,B552529,한국장학재단
2023,46,전라남도,전문대학,전남과학대학교,본교,사립,0,5180677.6,2023-10-31,B552529,한국장학재단
2023,47,경상북도,전문대학,구미대학교,본교,사립,0,5871704.6,2023-10-31,B552529,한국장학재단
2023,31,울산광역시,전문대학,울산과학대학교,본교,사립,0,6140342.9,2023-10-31,B552529,한국장학재단
2023,26,부산광역시,전문대학,부산예술대학교,본교,사립,0,6168138.9,2023-10-31,B552529,한국장학재단
2023,45,전라북도,전문대학,원광보건대학교,본교,사립,0,6218430.6,2023-10-31,B552529,한국장학재단
2023,47,경상북도,전문대학,서라벌대학교,본교,사립,0,5889400,2023-10-31,B552529,한국장학재단
2023,41,경기도,전문대학,유한대학교,본교,사립,0,6067838.9,2023-10-31,B552529,한국장학재단
2023,11,서울특별시,전문대학,서울여자간호대학교,본교,사립,0,6410350,2023-10-31,B552529,한국장학재단
2023,11,서울특별시,전문대학,인덕대학교,본교,사립,0,6756416.5,2023-10-31,B552529,한국장학재단
2023,36,세종특별자치시,전문대학,한국영상대학교,본교,사립,0,6250724.8,2023-10-31,B552529,한국장학재단
2023,28,인천광역시,전문대학,인하공업전문대학,본교,사립,0,6764946.6,2023-10-31,B552529,한국장학재단
2023,51,강원특별자치도,전문대학,한림성심대학교,본교,사립,0,5741602.6,2023-10-31,B552529,한국장학재단
2023,47,경상북도,전문대학,안동과학대학교,본교,사립,0,5847904.7,2023-10-31,B552529,한국장학재단
2023,29,광주광역시,전문대학,광주보건대학교,본교,사립,0,5183649.9,2023-10-31,B552529,한국장학재단
2023,45,전라북도,전문대학,전주기전대학,본교,사립,0,6300683.7,2023-10-31,B552529,한국장학재단
2023,45,전라북도,전문대학,전북과학대학교,본교,사립,0,5422772.7,2023-10-31,B552529,한국장학재단
2023,50,제주특별자치도,전문대학,제주관광대학교,본교,사립,0,4908231.9,2023-10-31,B552529,한국장학재단
2023,29,광주광역시,전문대학,조선간호대학교,본교,사립,0,5309437.5,2023-10-31,B552529,한국장학재단
2023,29,광주광역시,전문대학,조선이공대학교,본교,사립,0,5604514.9,2023-10-31,B552529,한국장학재단
2023,43,충청북도,전문대학,충북보건과학대학교,본교,사립,0,6190483.1,2023-10-31,B552529,한국장학재단
2023,47,경상북도,전문대학,대경대학교,본교,사립,0,6259436.2,2023-10-31,B552529,한국장학재단
2023,26,부산광역시,전문대학,부산과학기술대학교,본교,사립,0,6080328,2023-10-31,B552529,한국장학재단
2023,41,경기도,전문대학,신안산대학교,본교,사립,0,6649736.1,2023-10-31,B552529,한국장학재단
2023,30,대전광역시,전문대학,대덕대학교,본교,사립,0,5767082,2023-10-31,B552529,한국장학재단
2023,41,경기도,대학,예원예술대학교,제2캠퍼,사립,0,8501639.3,2023-10-31,B552529,한국장학재단
2023,41,경기도,대학,을지대학교,제2캠퍼,사립,0,8454931.2,2023-10-31,B552529,한국장학재단
2023,45,전라북도,전문대학,군장대학교,본교,사립,0,5813980.1,2023-10-31,B552529,한국장학재단
2023,47,경상북도,전문대학,문경대학교,본교,사립,0,5899099.7,2023-10-31,B552529,한국장학재단
2023,41,경기도,전문대학,농협대학교,본교,사립,0,4982666.7,2023-10-31,B552529,한국장학재단
2023,27,대구광역시,전문대학,대구공업대학교,본교,사립,0,5831269.4,2023-10-31,B552529,한국장학재단
2023,41,경기도,전문대학,대림대학교,본교,사립,0,6740120.8,2023-10-31,B552529,한국장학재단
2023,48,경상남도,전문대학,거제대학교,본교,사립,0,6212299.1,2023-10-31,B552529,한국장학재단
2023,44,충청남도,전문대학,아주자동차대학교,본교,사립,0,6651695.9,2023-10-31,B552529,한국장학재단
2023,28,인천광역시,전문대학,인천재능대학교,본교,사립,0,6420629.6,2023-10-31,B552529,한국장학재단
2023,47,경상북도,전문대학,경북과학대학교,본교,사립,0,5750261,2023-10-31,B552529,한국장학재단
2023,41,경기도,전문대학,동남보건대학교,본교,사립,0,6540901.4,2023-10-31,B552529,한국장학재단
2023,26,부산광역시,전문대학,경남정보대학교,본교,사립,0,6184280.4,2023-10-31,B552529,한국장학재단
2023,41,경기도,전문대학,경복대학교,본교,사립,0,6417119.8,2023-10-31,B552529,한국장학재단
2023,41,경기도,전문대학,여주대학교,본교,사립,0,6998739,2023-10-31,B552529,한국장학재단
2023,30,대전광역시,전문대학,우송정보대학,본교,사립,0,6045607.5,2023-10-31,B552529,한국장학재단
2023,11,서울특별시,전문대학,동양미래대학교,본교,사립,0,6672431.9,2023-10-31,B552529,한국장학재단
2023,48,경상남도,전문대학,동원과학기술대학교,본교,사립,0,5777479,2023-10-31,B552529,한국장학재단
2023,41,경기도,전문대학,동원대학교,본교,사립,0,6871817,2023-10-31,B552529,한국장학재단
2023,26,부산광역시,전문대학,동의과학대학교,본교,사립,0,6309080.8,2023-10-31,B552529,한국장학재단
2023,47,경상북도,전문대학,포항대학교,본교,사립,0,6141852.4,2023-10-31,B552529,한국장학재단
2023,41,경기도,전문대학,두원공과대학교,본교,사립,0,6480432.9,2023-10-31,B552529,한국장학재단
2023,11,서울특별시,전문대학,명지전문대학,본교,사립,0,6580479.7,2023-10-31,B552529,한국장학재단
2023,48,경상남도,전문대학,창원문성대학교,본교,사립,0,5853323.9,2023-10-31,B552529,한국장학재단
2023,48,경상남도,전문대학,마산대학교,본교,사립,0,5885696,2023-10-31,B552529,한국장학재단
2023,43,충청북도,전문대학,대원대학교,본교,사립,0,5967533.2,2023-10-31,B552529,한국장학재단
2023,27,대구광역시,전문대학,대구보건대학교,본교,사립,0,6228971.8,2023-10-31,B552529,한국장학재단
2023,11,서울특별시,전문대학,배화여자대학교,본교,사립,0,6038476.4,2023-10-31,B552529,한국장학재단
2023,45,전라북도,전문대학,백제예술대학교,본교,사립,0,7554456.9,2023-10-31,B552529,한국장학재단
2023,46,전라남도,전문대학,동아보건대학교,본교,사립,0,4907621.8,2023-10-31,B552529,한국장학재단
2023,46,전라남도,전문대학,한영대학교,본교,사립,0,5611605.4,2023-10-31,B552529,한국장학재단
2023,51,강원특별자치도,전문대학,강원관광대학교,본교,사립,0,5487000,2023-10-31,B552529,한국장학재단
2023,11,서울특별시,전문대학,삼육보건대학교,본교,사립,0,5794464.1,2023-10-31,B552529,한국장학재단
2023,47,경상북도,전문대학,가톨릭상지대학교,본교,사립,0,5840060.4,2023-10-31,B552529,한국장학재단
2023,41,경기도,전문대학,안산대학교,본교,사립,0,6082384.1,2023-10-31,B552529,한국장학재단
2023,29,광주광역시,전문대학,서영대학교,본교,사립,0,5551302.6,2023-10-31,B552529,한국장학재단
2023,41,경기도,전문대학,장안대학교,본교,사립,0,6382692.2,2023-10-31,B552529,한국장학재단
2023,26,부산광역시,전문대학,동주대학교,본교,사립,0,6015729.5,2023-10-31,B552529,한국장학재단
2023,47,경상북도,전문대학,선린대학교,본교,사립,0,5834875.2,2023-10-31,B552529,한국장학재단
2023,47,경상북도,전문대학,성운대학교,본교,사립,0,5084760.3,2023-10-31,B552529,한국장학재단
2023,41,경기도,전문대학,한국관광대학교,본교,사립,0,6295502.2,2023-10-31,B552529,한국장학재단
2023,27,대구광역시,전문대학,수성대학교,본교,사립,0,5908989.1,2023-10-31,B552529,한국장학재단
2023,51,강원특별자치도,전문대학,세경대학교,본교,사립,0,4977572.1,2023-10-31,B552529,한국장학재단
2023,29,광주광역시,대학,남부대학교,본교,사립,0,6545358.5,2023-10-31,B552529,한국장학재단
2023,46,전라남도,대학,목포가톨릭대학교,본교,사립,0,6539000,2023-10-31,B552529,한국장학재단
2023,48,경상남도,대학,부산장신대학교,본교,사립,0,5815144.8,2023-10-31,B552529,한국장학재단
2023,45,전라북도,대학,예원예술대학교,본교,사립,0,8280374.5,2023-10-31,B552529,한국장학재단
2023,45,전라북도,대학,예수대학교,본교,사립,0,6846217.6,2023-10-31,B552529,한국장학재단
2023,48,경상남도,대학,한국국제대학교,본교,사립,0,6428952.6,2023-10-31,B552529,한국장학재단
2023,44,충청남도,대학,금강대학교,본교,사립,0,6598000,2023-10-31,B552529,한국장학재단
2023,41,경기도,대학,화성의과학대학교,본교,사립,0,6970514.2,2023-10-31,B552529,한국장학재단
2023,11,서울특별시,원격대학,경희사이버대학교,본교,사립,0,2774486.5,2023-10-31,B552529,한국장학재단
2023,41,경기도,원격대학,국제사이버대학교,본교,사립,0,2537681.6,2023-10-31,B552529,한국장학재단
2023,47,경상북도,원격대학,대구사이버대학교,본교,사립,0,2502473.7,2023-10-31,B552529,한국장학재단
2023,26,부산광역시,원격대학,부산디지털대학교,본교,사립,0,2427851.1,2023-10-31,B552529,한국장학재단
2023,11,서울특별시,원격대학,사이버한국외국어대학교,본교,사립,0,2769655.2,2023-10-31,B552529,한국장학재단
2023,11,서울특별시,원격대학,서울사이버대학교,본교,사립,0,2716428.3,2023-10-31,B552529,한국장학재단
2023,47,경상북도,원격대학,영남사이버대학교,본교,사립,0,2071538.5,2023-10-31,B552529,한국장학재단
2023,11,서울특별시,원격대학,세종사이버대학교,본교,사립,0,2802355.6,2023-10-31,B552529,한국장학재단
2023,45,전라북도,원격대학,원광디지털대학교,본교,사립,0,2774568.4,2023-10-31,B552529,한국장학재단
2023,11,서울특별시,원격대학,한양사이버대학교,본교,사립,0,2797021.7,2023-10-31,B552529,한국장학재단
2023,11,서울특별시,원격대학,서울디지털대학교,본교,사립,0,2222454.4,2023-10-31,B552529,한국장학재단
2023,11,서울특별시,원격대학,한국열린사이버대학교,본교,사립,0,2199733.3,2023-10-31,B552529,한국장학재단
2023,11,서울특별시,원격대학,고려사이버대학교,본교,사립,0,2363260.5,2023-10-31,B552529,한국장학재단
2023,11,서울특별시,원격대학,숭실사이버대학교,본교,사립,0,2772244.9,2023-10-31,B552529,한국장학재단
2023,11,서울특별시,원격대학,디지털서울문화예술대학교,본교,사립,0,2747345.5,2023-10-31,B552529,한국장학재단
2023,26,부산광역시,원격대학,화신사이버대학교,본교,사립,0,2453018.2,2023-10-31,B552529,한국장학재단
2023,43,충청북도,대학,중원대학교,본교,사립,0,7446498,2023-10-31,B552529,한국장학재단
2023,44,충청남도,원격대학,글로벌사이버대학교,본교,사립,0,2455661.3,2023-10-31,B552529,한국장학재단
2023,43,충청북도,대학,순복음총회신학교,본교,사립,0,5720000,2023-10-31,B552529,한국장학재단
2023,47,경상북도,대학,김천대학교,본교,사립,0,7114507.7,2023-10-31,B552529,한국장학재단
2023,43,충청북도,대학,건국대학교(글로컬),분교,사립,0,8077126.5,2023-10-31,B552529,한국장학재단
2023,36,세종특별자치시,대학,고려대학교(세종),분교,사립,0,8473468.1,2023-10-31,B552529,한국장학재단
2023,47,경상북도,대학,동국대학교(WISE),분교,사립,0,7938356.4,2023-10-31,B552529,한국장학재단
2023,44,충청남도,대학,상명대학교,제2캠퍼,사립,0,8148712.9,2023-10-31,B552529,한국장학재단
2023,51,강원특별자치도,대학,연세대학교(미래),분교,사립,0,8525337,2023-10-31,B552529,한국장학재단
2023,41,경기도,대학,중앙대학교,제2캠퍼,사립,0,8745904.8,2023-10-31,B552529,한국장학재단
2023,41,경기도,대학,한양대학교(ERICA),분교,사립,0,8523387.9,2023-10-31,B552529,한국장학재단
2023,36,세종특별자치시,대학,홍익대학교,제2캠퍼,사립,0,8494783,2023-10-31,B552529,한국장학재단
2023,11,서울특별시,대학,가톨릭대학교,제2캠퍼,사립,0,9297662.9,2023-10-31,B552529,한국장학재단
2023,11,서울특별시,대학,가톨릭대학교,제3캠퍼,사립,0,6166000,2023-10-31,B552529,한국장학재단
2023,30,대전광역시,대학,건양대학교,제2캠퍼,사립,0,7225938.7,2023-10-31,B552529,한국장학재단
2023,11,서울특별시,대학,경기대학교,제2캠퍼,사립,0,7110009.1,2023-10-31,B552529,한국장학재단
2023,11,서울특별시,대학,명지대학교,제2캠퍼,사립,0,6994357.9,2023-10-31,B552529,한국장학재단
2023,28,인천광역시,대학,안양대학교,제2캠퍼,사립,0,8114833.3,2023-10-31,B552529,한국장학재단
2023,26,부산광역시,대학,영산대학교,제2캠퍼,사립,0,6382437.2,2023-10-31,B552529,한국장학재단
2023,11,서울특별시,대학,이화여자대학교,본교,사립,0,8742198.2,2023-10-31,B552529,한국장학재단
2023,48,경상남도,대학,인제대학교,본교,사립,0,7275810.6,2023-10-31,B552529,한국장학재단
2023,28,인천광역시,대학,인천가톨릭대학교,본교,사립,0,5446000,2023-10-31,B552529,한국장학재단
2023,28,인천광역시,대학,인하대학교,본교,사립,0,7770596.8,2023-10-31,B552529,한국장학재단
2023,51,강원특별자치도,대학,한림대학교,본교,사립,0,7540804.3,2023-10-31,B552529,한국장학재단
2023,47,경상북도,대학,경일대학교,본교,사립,0,7376018.7,2023-10-31,B552529,한국장학재단
2023,11,서울특별시,대학,장로회신학대학교,본교,사립,0,6657666.7,2023-10-31,B552529,한국장학재단
2023,29,광주광역시,대학,호남신학대학교,본교,사립,0,6802844.4,2023-10-31,B552529,한국장학재단
2023,41,경기도,대학,한국항공대학교,본교,사립,0,8510869,2023-10-31,B552529,한국장학재단
2023,45,전라북도,대학,호원대학교,본교,사립,0,6952472.6,2023-10-31,B552529,한국장학재단
2023,11,서울특별시,대학,서울여자대학교,본교,사립,0,7593345.5,2023-10-31,B552529,한국장학재단
2023,47,경상북도,대학,대구한의대학교,본교,사립,0,7270124,2023-10-31,B552529,한국장학재단
2023,29,광주광역시,대학,조선대학교,본교,사립,0,7109852,2023-10-31,B552529,한국장학재단
2023,44,충청남도,대학,중부대학교,본교,사립,0,7246231.3,2023-10-31,B552529,한국장학재단
2023,11,서울특별시,대학,중앙대학교,본교,사립,0,7971001.1,2023-10-31,B552529,한국장학재단
2023,43,충청북도,대학,청주대학교,본교,사립,0,7658347.3,2023-10-31,B552529,한국장학재단
2023,11,서울특별시,대학,추계예술대학교,본교,사립,0,8815847.9,2023-10-31,B552529,한국장학재단
2023,43,충청북도,대학,극동대학교,본교,사립,0,7581231.5,2023-10-31,B552529,한국장학재단
2023,30,대전광역시,대학,한국침례신학대학교,본교,사립,0,6047489.1,2023-10-31,B552529,한국장학재단
2023,41,경기도,대학,칼빈대학교,본교,사립,0,7610777.8,2023-10-31,B552529,한국장학재단
2023,47,경상북도,대학,포항공과대학교,본교,사립,0,5613500,2023-10-31,B552529,한국장학재단
2023,41,경기도,대학,평택대학교,본교,사립,0,7576066.1,2023-10-31,B552529,한국장학재단
2023,43,충청북도,대학,가톨릭꽃동네대학교,본교,사립,0,7397203.7,2023-10-31,B552529,한국장학재단
2023,11,서울특별시,대학,강서대학교,본교,사립,0,7113430.5,2023-10-31,B552529,한국장학재단
2023,11,서울특별시,대학,한국성서대학교,본교,사립,0,7111109.9,2023-10-31,B552529,한국장학재단
2023,44,충청남도,대학,한국기술교육대학교,본교,사립,0,4495823,2023-10-31,B552529,한국장학재단
2023,48,경상남도,대학,경남대학교,본교,사립,0,6535665.7,2023-10-31,B552529,한국장학재단
2023,26,부산광역시,대학,경성대학교,본교,사립,0,6576506.4,2023-10-31,B552529,한국장학재단
2023,11,서울특별시,대학,한성대학교,본교,사립,0,7778889.7,2023-10-31,B552529,한국장학재단
2023,41,경기도,대학,한신대학교,본교,사립,0,7246245.6,2023-10-31,B552529,한국장학재단
2023,11,서울특별시,대학,한양대학교,본교,사립,0,8556876.9,2023-10-31,B552529,한국장학재단
2023,45,전라북도,대학,한일장신대학교,본교,사립,0,6428858.4,2023-10-31,B552529,한국장학재단
2023,11,서울특별시,대학,서울한영대학교,본교,사립,0,6979611.1,2023-10-31,B552529,한국장학재단
2023,44,충청남도,대학,한서대학교,본교,사립,0,7970722.2,2023-10-31,B552529,한국장학재단
2023,46,전라남도,대학,동신대학교,본교,사립,0,6733888,2023-10-31,B552529,한국장학재단
2023,47,경상북도,대학,한동대학교,본교,사립,0,7122950.6,2023-10-31,B552529,한국장학재단
2023,47,경상북도,대학,동양대학교,본교,사립,0,7233405.2,2023-10-31,B552529,한국장학재단
2023,44,충청남도,대학,청운대학교,본교,사립,0,7315198.1,2023-10-31,B552529,한국장학재단
2023,30,대전광역시,대학,대전대학교,본교,사립,0,7382966.7,2023-10-31,B552529,한국장학재단
2023,44,충청남도,대학,호서대학교,본교,사립,0,7761283.8,2023-10-31,B552529,한국장학재단
2023,29,광주광역시,대학,광주대학교,본교,사립,0,6591901,2023-10-31,B552529,한국장학재단
2023,11,서울특별시,대학,홍익대학교,본교,사립,0,8397128.3,2023-10-31,B552529,한국장학재단
2023,11,서울특별시,대학,서울기독대학교,본교,사립,0,7468536.8,2023-10-31,B552529,한국장학재단
2023,47,경상북도,대학,위덕대학교,본교,사립,0,7335518.7,2023-10-31,B552529,한국장학재단
2023,51,강원특별자치도,대학,가톨릭관동대학교,본교,사립,0,7185831.2,2023-10-31,B552529,한국장학재단
2023,41,경기도,대학,명지대학교,본교,사립,0,9157983.1,2023-10-31,B552529,한국장학재단
2023,26,부산광역시,대학,신라대학교,본교,사립,0,6771032.9,2023-10-31,B552529,한국장학재단
2023,51,강원특별자치도,대학,한라대학교,본교,사립,0,7157954.5,2023-10-31,B552529,한국장학재단
2023,30,대전광역시,대학,배재대학교,본교,사립,0,7282058,2023-10-31,B552529,한국장학재단
2023,44,충청남도,대학,백석대학교,본교,사립,0,7917545.9,2023-10-31,B552529,한국장학재단
2023,11,서울특별시,대학,삼육대학교,본교,사립,0,7830281.1,2023-10-31,B552529,한국장학재단
2023,41,경기도,대학,협성대학교,본교,사립,0,7460013.9,2023-10-31,B552529,한국장학재단
2023,11,서울특별시,대학,상명대학교,본교,사립,0,7773461.1,2023-10-31,B552529,한국장학재단
2023,51,강원특별자치도,대학,상지대학교,본교,사립,0,7245283.6,2023-10-31,B552529,한국장학재단
2023,11,서울특별시,대학,서강대학교,본교,사립,0,7999995.9,2023-10-31,B552529,한국장학재단
2023,11,서울특별시,대학,서경대학교,본교,사립,0,7966241.6,2023-10-31,B552529,한국장학재단
2023,41,경기도,대학,서울신학대학교,본교,사립,0,7209330,2023-10-31,B552529,한국장학재단
2023,43,충청북도,대학,서원대학교,본교,사립,0,6954290.4,2023-10-31,B552529,한국장학재단
2023,47,경상북도,대학,대구가톨릭대학교,본교,사립,0,7257369.6,2023-10-31,B552529,한국장학재단
2023,44,충청남도,대학,선문대학교,본교,사립,0,7598499.4,2023-10-31,B552529,한국장학재단
2023,41,경기도,대학,성결대학교,본교,사립,0,7251329,2023-10-31,B552529,한국장학재단
2023,11,서울특별시,대학,성공회대학교,본교,사립,0,7089424.7,2023-10-31,B552529,한국장학재단
2023,41,경기도,대학,차의과학대학교,본교,사립,0,7156300.6,2023-10-31,B552529,한국장학재단
2023,11,서울특별시,대학,성균관대학교,본교,사립,0,8448561.5,2023-10-31,B552529,한국장학재단
2023,26,부산광역시,대학,부산가톨릭대학교,본교,사립,0,6850820.4,2023-10-31,B552529,한국장학재단
2023,11,서울특별시,대학,성신여자대학교,본교,사립,0,7935790.4,2023-10-31,B552529,한국장학재단
2023,48,경상남도,대학,영산대학교,본교,사립,0,6729591.6,2023-10-31,B552529,한국장학재단
2023,29,광주광역시,대학,호남대학교,본교,사립,0,6580113.5,2023-10-31,B552529,한국장학재단
2023,26,부산광역시,대학,부산외국어대학교,본교,사립,0,6280816.8,2023-10-31,B552529,한국장학재단
2023,29,광주광역시,대학,광주여자대학교,본교,사립,0,6311352.6,2023-10-31,B552529,한국장학재단
2023,11,서울특별시,대학,숙명여자대학교,본교,사립,0,8137769.5,2023-10-31,B552529,한국장학재단
2023,41,경기도,대학,한세대학교,본교,사립,0,8154076,2023-10-31,B552529,한국장학재단
2023,11,서울특별시,대학,숭실대학교,본교,사립,0,7979922.7,2023-10-31,B552529,한국장학재단
2023,41,경기도,대학,중앙승가대학교,본교,사립,0,1760000,2023-10-31,B552529,한국장학재단
2023,45,전라북도,대학,전주대학교,본교,사립,0,7021326.2,2023-10-31,B552529,한국장학재단
2023,41,경기도,대학,아신대학교,본교,사립,0,6568264.2,2023-10-31,B552529,한국장학재단
2023,11,서울특별시,대학,연세대학교,본교,사립,0,9203802,2023-10-31,B552529,한국장학재단
2023,47,경상북도,대학,대구대학교,본교,사립,0,6922821.2,2023-10-31,B552529,한국장학재단
2023,47,경상북도,대학,영남대학교,본교,사립,0,7461513.4,2023-10-31,B552529,한국장학재단
2023,46,전라남도,대학,영산선학대학교,본교,사립,0,2000000,2023-10-31,B552529,한국장학재단
2023,46,전라남도,대학,세한대학교,본교,사립,0,7090896.3,2023-10-31,B552529,한국장학재단
2023,45,전라북도,대학,우석대학교,본교,사립,0,6937845.4,2023-10-31,B552529,한국장학재단
2023,41,경기도,대학,안양대학교,본교,사립,0,7622775.8,2023-10-31,B552529,한국장학재단
2023,31,울산광역시,대학,울산대학교,본교,사립,0,7333644.3,2023-10-31,B552529,한국장학재단
2023,45,전라북도,대학,원광대학교,본교,사립,0,7496519.5,2023-10-31,B552529,한국장학재단
2023,47,경상북도,대학,경주대학교,본교,사립,0,7220826.8,2023-10-31,B552529,한국장학재단
2023,47,경상북도,대학,대구예술대학교,본교,사립,0,8306676,2023-10-31,B552529,한국장학재단
2023,30,대전광역시,대학,을지대학교,본교,사립,0,10413966.7,2023-10-31,B552529,한국장학재단
2023,30,대전광역시,대학,목원대학교,본교,사립,0,7297250.1,2023-10-31,B552529,한국장학재단
2023,11,서울특별시,대학,감리교신학대학교,본교,사립,0,6470097,2023-10-31,B552529,한국장학재단
2023,41,경기도,대학,강남대학교,본교,사립,0,7535146.5,2023-10-31,B552529,한국장학재단
2023,11,서울특별시,대학,건국대학교,본교,사립,0,8322289.7,2023-10-31,B552529,한국장학재단
2023,44,충청남도,대학,건양대학교,본교,사립,0,6418056.4,2023-10-31,B552529,한국장학재단
2023,41,경기도,대학,경기대학교,본교,사립,0,7369169.7,2023-10-31,B552529,한국장학재단
2023,51,강원특별자치도,대학,경동대학교,본교,사립,0,6790844.2,2023-10-31,B552529,한국장학재단
2023,41,경기도,대학,가천대학교,본교,사립,0,8330044.3,2023-10-31,B552529,한국장학재단
2023,27,대구광역시,대학,계명대학교,본교,사립,0,7279405.2,2023-10-31,B552529,한국장학재단
2023,11,서울특별시,대학,고려대학교,본교,사립,0,8335433.9,2023-10-31,B552529,한국장학재단
2023,26,부산광역시,대학,고신대학교,본교,사립,0,6654016.3,2023-10-31,B552529,한국장학재단
2023,41,경기도,대학,수원대학교,본교,사립,0,7557824,2023-10-31,B552529,한국장학재단
2023,11,서울특별시,대학,경희대학교,본교,사립,0,7991355.3,2023-10-31,B552529,한국장학재단
2023,41,경기도,대학,서울장신대학교,본교,사립,0,7531198.2,2023-10-31,B552529,한국장학재단
2023,29,광주광역시,대학,광신대학교,본교,사립,0,5967803.3,2023-10-31,B552529,한국장학재단
2023,41,경기도,대학,수원가톨릭대학교,본교,사립,0,5097000,2023-10-31,B552529,한국장학재단
2023,11,서울특별시,대학,광운대학교,본교,사립,0,7885046.1,2023-10-31,B552529,한국장학재단
2023,11,서울특별시,대학,국민대학교,본교,사립,0,7976046.1,2023-10-31,B552529,한국장학재단
2023,43,충청북도,대학,유원대학교,본교,사립,0,7251422.9,2023-10-31,B552529,한국장학재단
2023,44,충청남도,대학,나사렛대학교,본교,사립,0,7207400.9,2023-10-31,B552529,한국장학재단
2023,41,경기도,대학,단국대학교,본교,사립,0,8073410.7,2023-10-31,B552529,한국장학재단
2023,41,경기도,대학,용인대학교,본교,사립,0,7735746,2023-10-31,B552529,한국장학재단
2023,46,전라남도,대학,광주가톨릭대학교,본교,사립,0,0,2023-10-31,B552529,한국장학재단
2023,47,경상북도,대학,영남신학대학교,본교,사립,0,6166000,2023-10-31,B552529,한국장학재단
2023,47,경상북도,대학,대신대학교,본교,사립,0,6545689.7,2023-10-31,B552529,한국장학재단
2023,11,서울특별시,대학,세종대학교,본교,사립,0,7944926.3,2023-10-31,B552529,한국장학재단
2023,41,경기도,대학,아주대학교,본교,사립,0,8312531.5,2023-10-31,B552529,한국장학재단
2023,43,충청북도,대학,세명대학교,본교,사립,0,6926387.6,2023-10-31,B552529,한국장학재단
2023,30,대전광역시,대학,한남대학교,본교,사립,0,7234996.1,2023-10-31,B552529,한국장학재단
2023,30,대전광역시,대학,대전신학대학교,본교,사립,0,5956000,2023-10-31,B552529,한국장학재단
2023,36,세종특별자치시,대학,대전가톨릭대학교,본교,사립,0,5760000,2023-10-31,B552529,한국장학재단
2023,41,경기도,대학,대진대학교,본교,사립,0,7256019.3,2023-10-31,B552529,한국장학재단
2023,11,서울특별시,대학,총신대학교,본교,사립,0,6973645.4,2023-10-31,B552529,한국장학재단
2023,11,서울특별시,대학,덕성여자대학교,본교,사립,0,7187575,2023-10-31,B552529,한국장학재단
2023,11,서울특별시,대학,동국대학교,본교,사립,0,8006759.3,2023-10-31,B552529,한국장학재단
2023,11,서울특별시,대학,동덕여자대학교,본교,사립,0,7456250.6,2023-10-31,B552529,한국장학재단
2023,26,부산광역시,대학,동명대학교,본교,사립,0,7058139.4,2023-10-31,B552529,한국장학재단
2023,26,부산광역시,대학,동서대학교,본교,사립,0,6907327.4,2023-10-31,B552529,한국장학재단
2023,26,부산광역시,대학,동아대학교,본교,사립,0,7078778.5,2023-10-31,B552529,한국장학재단
2023,30,대전광역시,대학,우송대학교,본교,사립,0,7227701.9,2023-10-31,B552529,한국장학재단
2023,11,서울특별시,대학,한국외국어대학교,본교,사립,0,7184492.4,2023-10-31,B552529,한국장학재단
2023,44,충청남도,대학,순천향대학교,본교,사립,0,7873074.9,2023-10-31,B552529,한국장학재단
2023,26,부산광역시,대학,동의대학교,본교,사립,0,6616457.3,2023-10-31,B552529,한국장학재단
2023,41,경기도,대학,루터대학교,본교,사립,0,6334500,2023-10-31,B552529,한국장학재단
2023,11,서울특별시,전문대학원,서울교육대학교,본교,국립,222000,4612156.8,2023-10-31,B552529,한국장학재단
2023,11,서울특별시,전문대학원,서울과학기술대학교,본교,국립,22000,7097947.6,2023-10-31,B552529,한국장학재단
2023,26,부산광역시,전문대학원,부경대학교,본교,국립,178000,7000000,2023-10-31,B552529,한국장학재단
2023,26,부산광역시,전문대학원,부산대학교,본교,국립,146397.1,9232171.2,2023-10-31,B552529,한국장학재단
2023,26,부산광역시,전문대학원,한국해양대학교,본교,국립,178500,5033508.8,2023-10-31,B552529,한국장학재단
2023,27,대구광역시,전문대학원,경북대학교,본교,국립,181777.8,9594583.4,2023-10-31,B552529,한국장학재단
2023,28,인천광역시,전문대학원,인천대학교,본교,국립,485000,6608250,2023-10-31,B552529,한국장학재단
2023,28,인천광역시,전문대학원,경인교육대학교,본교,국립,0,4331724.6,2023-10-31,B552529,한국장학재단
2023,29,광주광역시,전문대학원,전남대학교,본교,국립,0,9615631.6,2023-10-31,B552529,한국장학재단
2023,30,대전광역시,전문대학원,충남대학교,본교,국립,181000,8996705.4,2023-10-31,B552529,한국장학재단
2023,30,대전광역시,전문대학원,한밭대학교,본교,국립,22300,4898000,2023-10-31,B552529,한국장학재단
2023,31,울산광역시,전문대학원,울산과학기술원,본교,국립,0,13000000,2023-10-31,B552529,한국장학재단
2023,41,경기도,전문대학원,국립암센터국제암대학원대학교,본교,국립,200000,9000000,2023-10-31,B552529,한국장학재단
2023,51,강원특별자치도,전문대학원,강원대학교,본교,국립,178000,11570330.2,2023-10-31,B552529,한국장학재단
2023,43,충청북도,전문대학원,충북대학교,본교,국립,175000,9149176.4,2023-10-31,B552529,한국장학재단
2023,43,충청북도,전문대학원,한국교원대학교,본교,국립,88650,4813901,2023-10-31,B552529,한국장학재단
2023,43,충청북도,전문대학원,한국교통대학교,본교,국립,45000,5807739.2,2023-10-31,B552529,한국장학재단
2023,44,충청남도,전문대학원,공주대학교,본교,국립,179000,4052000,2023-10-31,B552529,한국장학재단
2023,44,충청남도,전문대학원,한국전통문화대학교(일반),본교,국립,0,3952666.6,2023-10-31,B552529,한국장학재단
2023,45,전라북도,전문대학원,전북대학교,본교,국립,178000,9736508.2,2023-10-31,B552529,한국장학재단
2023,47,경상북도,전문대학원,안동대학교,본교,국립,173400,5122200,2023-10-31,B552529,한국장학재단
2023,50,제주특별자치도,전문대학원,제주대학교,본교,국립,189153.8,8565882.4,2023-10-31,B552529,한국장학재단
2023,11,서울특별시,전문대학원,서울시립대학교,본교,공립,196295.1,8856863,2023-10-31,B552529,한국장학재단
2023,43,충청북도,전문대학원,건국대학교(글로컬),분교,사립,1015000,24452000,2023-10-31,B552529,한국장학재단
2023,36,세종특별자치시,전문대학원,고려대학교(세종),분교,사립,1234000,13144000,2023-10-31,B552529,한국장학재단
2023,11,서울특별시,전문대학원,명지대학교,제2캠퍼,사립,930000,13096000,2023-10-31,B552529,한국장학재단
2023,51,강원특별자치도,전문대학원,강원대학교,제2캠퍼,국립,178000,6034000,2023-10-31,B552529,한국장학재단
2023,26,부산광역시,전문대학원,동아대학교,본교,사립,785857.1,13816486.4,2023-10-31,B552529,한국장학재단
2023,28,인천광역시,전문대학원,성산효대학원대학교,본교,사립,720000,6716567.6,2023-10-31,B552529,한국장학재단
2023,28,인천광역시,전문대학원,인하대학교,본교,사립,1041000,13870663.6,2023-10-31,B552529,한국장학재단
2023,28,인천광역시,전문대학원,주안대학원대학교,본교,사립,652000,6213942.8,2023-10-31,B552529,한국장학재단
2023,29,광주광역시,전문대학원,광주대학교,본교,사립,507142.9,7296571.4,2023-10-31,B552529,한국장학재단
2023,30,대전광역시,전문대학원,건신대학원대학교,본교,사립,517833.3,6191838.2,2023-10-31,B552529,한국장학재단
2023,30,대전광역시,전문대학원,한국침례신학대학교,본교,사립,826000,4320000,2023-10-31,B552529,한국장학재단
2023,30,대전광역시,전문대학원,과학기술연합대학원대학교,본교,사립,180000,5000000,2023-10-31,B552529,한국장학재단
2023,31,울산광역시,전문대학원,한국전력국제원자력대학원대학교,본교,사립,1000000,46650000,2023-10-31,B552529,한국장학재단
2023,41,경기도,전문대학원,강남대학교,본교,사립,0,0,2023-10-31,B552529,한국장학재단
2023,41,경기도,전문대학원,경기대학교,본교,사립,888000,9080398.8,2023-10-31,B552529,한국장학재단
2023,41,경기도,전문대학원,아주대학교,본교,사립,1025000,16126000,2023-10-31,B552529,한국장학재단
2023,41,경기도,전문대학원,대한신학대학원대학교,본교,사립,500000,6047311.8,2023-10-31,B552529,한국장학재단
2023,41,경기도,전문대학원,서울신학대학교,본교,사립,901000,8282000,2023-10-31,B552529,한국장학재단
2023,41,경기도,전문대학원,성결대학교,본교,사립,0,0,2023-10-31,B552529,한국장학재단
2023,41,경기도,전문대학원,차의과학대학교,본교,사립,983000,19974000,2023-10-31,B552529,한국장학재단
2023,41,경기도,전문대학원,웨스트민스터신학대학원대학교,본교,사립,654900,6387083.4,2023-10-31,B552529,한국장학재단
2023,41,경기도,전문대학원,합동신학대학원대학교,본교,사립,760726.4,6778064,2023-10-31,B552529,한국장학재단
2023,41,경기도,전문대학원,평택대학교,본교,사립,840000,8638000,2023-10-31,B552529,한국장학재단
2023,41,경기도,전문대학원,국제법률경영대학원대학교,본교,사립,0,7151283,2023-10-31,B552529,한국장학재단
2023,41,경기도,전문대학원,온석대학원대학교,본교,사립,563768.1,5886500,2023-10-31,B552529,한국장학재단
2023,41,경기도,전문대학원,성서침례대학원대학교,본교,사립,540000,5796161.6,2023-10-31,B552529,한국장학재단
2023,41,경기도,전문대학원,에스라성경대학원대학교,본교,사립,425916.7,7190400,2023-10-31,B552529,한국장학재단
2023,41,경기도,전문대학원,선학유피대학원대학교,본교,사립,600000,6150000,2023-10-31,B552529,한국장학재단
2023,41,경기도,전문대학원,실천신학대학원대학교,본교,사립,300000,6699166.6,2023-10-31,B552529,한국장학재단
2023,41,경기도,전문대학원,제네바신학대학원대학교,본교,사립,0,5000000,2023-10-31,B552529,한국장학재단
2023,41,경기도,전문대학원,한국공학대학교,본교,사립,700000,9756000,2023-10-31,B552529,한국장학재단
2023,41,경기도,전문대학원,능인대학원대학교,본교,사립,520000,7288888.8,2023-10-31,B552529,한국장학재단
2023,44,충청남도,전문대학원,백석대학교,본교,사립,770000,8935702.2,2023-10-31,B552529,한국장학재단
2023,44,충청남도,전문대학원,선문대학교,본교,사립,0,0,2023-10-31,B552529,한국장학재단
2023,44,충청남도,전문대학원,한국기술교육대학교,본교,사립,257000,6306000,2023-10-31,B552529,한국장학재단
2023,44,충청남도,전문대학원,한서대학교,본교,사립,700000,9872000,2023-10-31,B552529,한국장학재단
2023,44,충청남도,전문대학원,호서대학교,본교,사립,780000,8870104,2023-10-31,B552529,한국장학재단
2023,44,충청남도,전문대학원,국제뇌교육종합대학원대학교,본교,사립,646000,7872104.8,2023-10-31,B552529,한국장학재단
2023,45,전라북도,전문대학원,원광대학교,본교,사립,885454.5,15146864.4,2023-10-31,B552529,한국장학재단
2023,45,전라북도,전문대학원,원불교대학원대학교,본교,사립,0,4000000,2023-10-31,B552529,한국장학재단
2023,47,경상북도,전문대학원,영남대학교,본교,사립,822000,16078000,2023-10-31,B552529,한국장학재단
2023,47,경상북도,전문대학원,포항공과대학교,본교,사립,898000,12919671.4,2023-10-31,B552529,한국장학재단
2023,47,경상북도,전문대학원,한동대학교,본교,사립,900000,17800000,2023-10-31,B552529,한국장학재단
2023,47,경상북도,전문대학원,경안대학원대학교,본교,사립,500000,4200000,2023-10-31,B552529,한국장학재단
2023,36,세종특별자치시,전문대학원,한국개발연구원국제정책대학원대학교,본교,사립,0,13391666.6,2023-10-31,B552529,한국장학재단
2023,11,서울특별시,전문대학원,서울대학교,본교,국립,189602.7,11222051.2,2023-10-31,B552529,한국장학재단
2023,51,강원특별자치도,특수대학원,강원대학교,제2캠퍼,국립,178000,4578666.6,2023-10-31,B552529,한국장학재단
2023,46,전라남도,특수대학원,전남대학교,제2캠퍼,국립,0,7248141.6,2023-10-31,B552529,한국장학재단
2023,11,서울특별시,특수대학원,가톨릭대학교,제3캠퍼,사립,1019000,11894000,2023-10-31,B552529,한국장학재단
2023,41,경기도,특수대학원,을지대학교,제3캠퍼,사립,844000,9086000,2023-10-31,B552529,한국장학재단
2023,11,서울특별시,전문대학원,건국대학교,본교,사립,1188758,15434127.4,2023-10-31,B552529,한국장학재단
2023,11,서울특별시,전문대학원,고려대학교,본교,사립,1234000,20017123.6,2023-10-31,B552529,한국장학재단
2023,11,서울특별시,전문대학원,경희대학교,본교,사립,1086076.9,14285234.6,2023-10-31,B552529,한국장학재단
2023,11,서울특별시,전문대학원,국민대학교,본교,사립,1029000,12958964.8,2023-10-31,B552529,한국장학재단
2023,11,서울특별시,전문대학원,세종대학교,본교,사립,990000,11626320,2023-10-31,B552529,한국장학재단
2023,11,서울특별시,전문대학원,총신대학교,본교,사립,967000,8982826,2023-10-31,B552529,한국장학재단
2023,11,서울특별시,전문대학원,동국대학교,본교,사립,1021000,13801026.6,2023-10-31,B552529,한국장학재단
2023,11,서울특별시,전문대학원,동덕여자대학교,본교,사립,813000,11306000,2023-10-31,B552529,한국장학재단
2023,11,서울특별시,전문대학원,한국외국어대학교,본교,사립,1170115.1,12190238.6,2023-10-31,B552529,한국장학재단
2023,11,서울특별시,전문대학원,베뢰아국제대학원대학교,본교,사립,500000,4640216.6,2023-10-31,B552529,한국장학재단
2023,11,서울특별시,전문대학원,서강대학교,본교,사립,1169507.7,16483036.6,2023-10-31,B552529,한국장학재단
2023,11,서울특별시,전문대학원,성균관대학교,본교,사립,1253536.5,20378881.8,2023-10-31,B552529,한국장학재단
2023,11,서울특별시,전문대학원,숙명여자대학교,본교,사립,913000,16080000,2023-10-31,B552529,한국장학재단
2023,11,서울특별시,전문대학원,연세대학교,본교,사립,1360232.8,19163073,2023-10-31,B552529,한국장학재단
2023,11,서울특별시,전문대학원,이화여자대학교,본교,사립,1097165.6,15962043,2023-10-31,B552529,한국장학재단
2023,11,서울특별시,전문대학원,장로회신학대학교,본교,사립,772000,10464967.8,2023-10-31,B552529,한국장학재단
2023,11,서울특별시,전문대학원,서울여자대학교,본교,사립,0,0,2023-10-31,B552529,한국장학재단
2023,11,서울특별시,전문대학원,중앙대학교,본교,사립,1132247.6,16432427.8,2023-10-31,B552529,한국장학재단
2023,11,서울특별시,전문대학원,한양대학교,본교,사립,1030000,17066903.2,2023-10-31,B552529,한국장학재단
2023,11,서울특별시,전문대학원,홍익대학교,본교,사립,996000,13792000,2023-10-31,B552529,한국장학재단
2023,11,서울특별시,전문대학원,횃불트리니티신학대학원대학교,본교,사립,823405.8,7198794.6,2023-10-31,B552529,한국장학재단
2023,11,서울특별시,전문대학원,서울성경신학대학원대학교,본교,사립,0,5146363.6,2023-10-31,B552529,한국장학재단
2023,11,서울특별시,전문대학원,수도국제대학원대학교,본교,사립,588636.4,6541553.4,2023-10-31,B552529,한국장학재단
2023,11,서울특별시,전문대학원,예명대학원대학교,본교,사립,209284.1,6044618.8,2023-10-31,B552529,한국장학재단
2023,11,서울특별시,전문대학원,서울벤처대학원대학교,본교,사립,789000,9034000,2023-10-31,B552529,한국장학재단
2023,11,서울특별시,전문대학원,개신대학원대학교,본교,사립,500000,6165957.4,2023-10-31,B552529,한국장학재단
2023,11,서울특별시,전문대학원,서울과학종합대학원대학교,본교,사립,736619.7,15813380.2,2023-10-31,B552529,한국장학재단
2023,11,서울특별시,전문대학원,국제영어대학원대학교,본교,사립,500000,11346000,2023-10-31,B552529,한국장학재단
2023,11,서울특별시,전문대학원,서울불교대학원대학교,본교,사립,800000,8820000,2023-10-31,B552529,한국장학재단
2023,11,서울특별시,전문대학원,서울외국어대학원대학교,본교,사립,800000,17200000,2023-10-31,B552529,한국장학재단
2023,11,서울특별시,전문대학원,북한대학원대학교,본교,사립,800000,9713714.2,2023-10-31,B552529,한국장학재단
2023,11,서울특별시,전문대학원,동방문화대학원대학교,본교,사립,700000,8474838.8,2023-10-31,B552529,한국장학재단
2023,11,서울특별시,전문대학원,순복음대학원대학교,본교,사립,500000,7065185.2,2023-10-31,B552529,한국장학재단
2023,11,서울특별시,전문대학원,서울상담심리대학원대학교,본교,사립,640000,8473777.8,2023-10-31,B552529,한국장학재단
2023,11,서울특별시,전문대학원,한국상담대학원대학교,본교,사립,600000,8800000,2023-10-31,B552529,한국장학재단
2023,11,서울특별시,전문대학원,치유상담대학원대학교,본교,사립,600000,8860274,2023-10-31,B552529,한국장학재단
2023,26,부산광역시,전문대학원,동서대학교,본교,사립,0,0,2023-10-31,B552529,한국장학재단
2023,30,대전광역시,특수대학원,충남대학교,본교,국립,181000,4569266.6,2023-10-31,B552529,한국장학재단
2023,30,대전광역시,특수대학원,한밭대학교,본교,국립,22300,4298000,2023-10-31,B552529,한국장학재단
2023,31,울산광역시,특수대학원,울산과학기술원,본교,국립,0,9900000,2023-10-31,B552529,한국장학재단
2023,41,경기도,특수대학원,한경국립대학교,본교,국립,23000,4175356.8,2023-10-31,B552529,한국장학재단
2023,51,강원특별자치도,특수대학원,강릉원주대학교,본교,국립,0,4506755,2023-10-31,B552529,한국장학재단
2023,51,강원특별자치도,특수대학원,강원대학교,본교,국립,178000,4388638.2,2023-10-31,B552529,한국장학재단
2023,51,강원특별자치도,특수대학원,춘천교육대학교,본교,국립,179000,3595000,2023-10-31,B552529,한국장학재단
2023,43,충청북도,특수대학원,충북대학교,본교,국립,175000,4547824.2,2023-10-31,B552529,한국장학재단
2023,43,충청북도,특수대학원,한국교원대학교,본교,국립,0,3596668.8,2023-10-31,B552529,한국장학재단
2023,43,충청북도,특수대학원,한국교통대학교,본교,국립,45000,4435546.4,2023-10-31,B552529,한국장학재단
2023,43,충청북도,특수대학원,청주교육대학교,본교,국립,0,3785954.4,2023-10-31,B552529,한국장학재단
2023,44,충청남도,특수대학원,공주대학교,본교,국립,179000,3851359.8,2023-10-31,B552529,한국장학재단
2023,44,충청남도,특수대학원,공주교육대학교,본교,국립,179000,3592000,2023-10-31,B552529,한국장학재단
2023,44,충청남도,특수대학원,한국전통문화대학교(일반),본교,국립,0,3709333.4,2023-10-31,B552529,한국장학재단
2023,45,전라북도,특수대학원,군산대학교,본교,국립,178000,3297627.6,2023-10-31,B552529,한국장학재단
2023,45,전라북도,특수대학원,전북대학교,본교,국립,178000,5107170.6,2023-10-31,B552529,한국장학재단
2023,45,전라북도,특수대학원,전주교육대학교,본교,국립,0,4392766,2023-10-31,B552529,한국장학재단
2023,46,전라남도,특수대학원,목포대학교,본교,국립,189000,3859809.8,2023-10-31,B552529,한국장학재단
2023,46,전라남도,특수대학원,목포해양대학교,본교,국립,168000,4504000,2023-10-31,B552529,한국장학재단
2023,46,전라남도,특수대학원,순천대학교,본교,국립,180000,4164064.8,2023-10-31,B552529,한국장학재단
2023,47,경상북도,특수대학원,금오공과대학교,본교,국립,184000,4330290.8,2023-10-31,B552529,한국장학재단
2023,47,경상북도,특수대학원,안동대학교,본교,국립,173400,3692563.4,2023-10-31,B552529,한국장학재단
2023,48,경상남도,특수대학원,경상국립대학교,본교,국립,180000,4363731.4,2023-10-31,B552529,한국장학재단
2023,48,경상남도,특수대학원,창원대학교,본교,국립,0,4030337.6,2023-10-31,B552529,한국장학재단
2023,48,경상남도,특수대학원,진주교육대학교,본교,국립,177200,3963431.8,2023-10-31,B552529,한국장학재단
2023,50,제주특별자치도,특수대학원,제주대학교,본교,국립,183000,4414373,2023-10-31,B552529,한국장학재단
2023,11,서울특별시,특수대학원,서울시립대학교,본교,공립,184000,6315874.2,2023-10-31,B552529,한국장학재단
2023,41,경기도,특수대학원,한양대학교(ERICA),분교,사립,1030000,11681333.4,2023-10-31,B552529,한국장학재단
2023,51,강원특별자치도,특수대학원,연세대학교(미래),분교,사립,1195000,12028000,2023-10-31,B552529,한국장학재단
2023,43,충청북도,특수대학원,건국대학교(글로컬),분교,사립,1015000,8085294.2,2023-10-31,B552529,한국장학재단
2023,47,경상북도,특수대학원,동국대학교(WISE),분교,사립,910000,8582000,2023-10-31,B552529,한국장학재단
2023,36,세종특별자치시,특수대학원,고려대학교(세종),분교,사립,1031000,9448351,2023-10-31,B552529,한국장학재단
2023,11,서울특별시,특수대학원,가톨릭대학교,제2캠퍼,사립,965000,10563714.2,2023-10-31,B552529,한국장학재단
2023,11,서울특별시,특수대학원,명지대학교,제2캠퍼,사립,930000,9970840.6,2023-10-31,B552529,한국장학재단
2023,26,부산광역시,특수대학원,영산대학교,제2캠퍼,사립,553000,6223475.4,2023-10-31,B552529,한국장학재단
2023,28,인천광역시,특수대학원,안양대학교,제2캠퍼,사립,750000,8342000,2023-10-31,B552529,한국장학재단
2023,30,대전광역시,특수대학원,건양대학교,제2캠퍼,사립,600000,6512107.6,2023-10-31,B552529,한국장학재단
2023,41,경기도,특수대학원,중앙대학교,제2캠퍼,사립,980000,14072434.8,2023-10-31,B552529,한국장학재단
2023,41,경기도,특수대학원,예원예술대학교,제2캠퍼,사립,460000,6688000,2023-10-31,B552529,한국장학재단
2023,44,충청남도,특수대학원,단국대학교,제2캠퍼,사립,980000,9918175.2,2023-10-31,B552529,한국장학재단
2023,36,세종특별자치시,특수대학원,홍익대학교,제2캠퍼,사립,996000,11082666.6,2023-10-31,B552529,한국장학재단
2023,51,강원특별자치도,특수대학원,강릉원주대학교,제2캠퍼,국립,0,4223725.4,2023-10-31,B552529,한국장학재단
2023,45,전라북도,특수대학원,전주대학교,본교,사립,650000,6058514.2,2023-10-31,B552529,한국장학재단
2023,45,전라북도,특수대학원,우석대학교,본교,사립,604000,6635288.2,2023-10-31,B552529,한국장학재단
2023,45,전라북도,특수대학원,원광대학교,본교,사립,640000,5283710,2023-10-31,B552529,한국장학재단
2023,45,전라북도,특수대학원,한일장신대학교,본교,사립,550000,5557948.2,2023-10-31,B552529,한국장학재단
2023,45,전라북도,특수대학원,예원예술대학교,본교,사립,460000,6084571.4,2023-10-31,B552529,한국장학재단
2023,45,전라북도,특수대학원,원광디지털대학교,본교,사립,800000,6000000,2023-10-31,B552529,한국장학재단
2023,46,전라남도,특수대학원,동신대학교,본교,사립,530000,6376579.8,2023-10-31,B552529,한국장학재단
2023,46,전라남도,특수대학원,초당대학교,본교,사립,400000,6472000,2023-10-31,B552529,한국장학재단
2023,47,경상북도,특수대학원,영남신학대학교,본교,사립,550000,6364490.6,2023-10-31,B552529,한국장학재단
2023,47,경상북도,특수대학원,대신대학교,본교,사립,550000,5504666.6,2023-10-31,B552529,한국장학재단
2023,47,경상북도,특수대학원,대구가톨릭대학교,본교,사립,659595.6,6850068.2,2023-10-31,B552529,한국장학재단
2023,47,경상북도,특수대학원,대구대학교,본교,사립,750000,5620933.4,2023-10-31,B552529,한국장학재단
2023,47,경상북도,특수대학원,영남대학교,본교,사립,796000,6238526.2,2023-10-31,B552529,한국장학재단
2023,47,경상북도,특수대학원,경주대학교,본교,사립,658000,6470209.6,2023-10-31,B552529,한국장학재단
2023,47,경상북도,특수대학원,경일대학교,본교,사립,750000,10560000,2023-10-31,B552529,한국장학재단
2023,47,경상북도,특수대학원,대구한의대학교,본교,사립,780000,6792846.2,2023-10-31,B552529,한국장학재단
2023,47,경상북도,특수대학원,포항공과대학교,본교,사립,898000,9972000,2023-10-31,B552529,한국장학재단
2023,47,경상북도,특수대학원,한동대학교,본교,사립,900000,8391000,2023-10-31,B552529,한국장학재단
2023,47,경상북도,특수대학원,동양대학교,본교,사립,710000,7087151.6,2023-10-31,B552529,한국장학재단
2023,47,경상북도,특수대학원,위덕대학교,본교,사립,600000,6014693.8,2023-10-31,B552529,한국장학재단
2023,47,경상북도,특수대학원,대구사이버대학교,본교,사립,500000,5000000,2023-10-31,B552529,한국장학재단
2023,47,경상북도,특수대학원,김천대학교,본교,사립,675000,6792941.2,2023-10-31,B552529,한국장학재단
2023,47,경상북도,특수대학원,경운대학교,본교,사립,700000,6601525,2023-10-31,B552529,한국장학재단
2023,48,경상남도,특수대학원,영산대학교,본교,사립,553000,6592000,2023-10-31,B552529,한국장학재단
2023,48,경상남도,특수대학원,인제대학교,본교,사립,600000,7179500,2023-10-31,B552529,한국장학재단
2023,48,경상남도,특수대학원,경남대학교,본교,사립,600000,6123074.6,2023-10-31,B552529,한국장학재단
2023,48,경상남도,특수대학원,부산장신대학교,본교,사립,600000,6306909,2023-10-31,B552529,한국장학재단
2023,48,경상남도,특수대학원,창신대학교,본교,사립,0,7122727.2,2023-10-31,B552529,한국장학재단
2023,48,경상남도,특수대학원,가야대학교(김해),본교,사립,653000,5886500,2023-10-31,B552529,한국장학재단
2023,50,제주특별자치도,특수대학원,제주국제대학교,본교,사립,540000,5753237.6,2023-10-31,B552529,한국장학재단
2023,11,서울특별시,특수대학원,한국체육대학교,본교,국립,190000,6336000,2023-10-31,B552529,한국장학재단
2023,11,서울특별시,특수대학원,한국방송통신대학교,본교,국립,174244.9,2738258,2023-10-31,B552529,한국장학재단
2023,11,서울특별시,특수대학원,서울과학기술대학교,본교,국립,22000,5413676.2,2023-10-31,B552529,한국장학재단
2023,26,부산광역시,특수대학원,부경대학교,본교,국립,178000,4305022.6,2023-10-31,B552529,한국장학재단
2023,26,부산광역시,특수대학원,부산대학교,본교,국립,181000,5063139,2023-10-31,B552529,한국장학재단
2023,26,부산광역시,특수대학원,한국해양대학교,본교,국립,178500,4524329.4,2023-10-31,B552529,한국장학재단
2023,26,부산광역시,특수대학원,부산교육대학교,본교,국립,173000,4110528,2023-10-31,B552529,한국장학재단
2023,27,대구광역시,특수대학원,경북대학교,본교,국립,189000,5723536.8,2023-10-31,B552529,한국장학재단
2023,27,대구광역시,특수대학원,대구교육대학교,본교,국립,0,4393116,2023-10-31,B552529,한국장학재단
2023,28,인천광역시,특수대학원,인천대학교,본교,국립,486495.1,4999246.2,2023-10-31,B552529,한국장학재단
2023,29,광주광역시,특수대학원,전남대학교,본교,국립,0,4965149.4,2023-10-31,B552529,한국장학재단
2023,29,광주광역시,특수대학원,광주교육대학교,본교,국립,187000,3947000,2023-10-31,B552529,한국장학재단
2023,41,경기도,특수대학원,가천대학교,본교,사립,984000,9029614.2,2023-10-31,B552529,한국장학재단
2023,41,경기도,특수대학원,수원대학교,본교,사립,768000,7366628,2023-10-31,B552529,한국장학재단
2023,41,경기도,특수대학원,서울장신대학교,본교,사립,442000,7586094.6,2023-10-31,B552529,한국장학재단
2023,41,경기도,특수대학원,단국대학교,본교,사립,980000,10431704.2,2023-10-31,B552529,한국장학재단
2023,41,경기도,특수대학원,용인대학교,본교,사립,840000,9710153.6,2023-10-31,B552529,한국장학재단
2023,41,경기도,특수대학원,아주대학교,본교,사립,731458.5,10993978.8,2023-10-31,B552529,한국장학재단
2023,41,경기도,특수대학원,대진대학교,본교,사립,895000,9389802.8,2023-10-31,B552529,한국장학재단
2023,41,경기도,특수대학원,루터대학교,본교,사립,750000,7355692.4,2023-10-31,B552529,한국장학재단
2023,41,경기도,특수대학원,협성대학교,본교,사립,800000,6480000,2023-10-31,B552529,한국장학재단
2023,41,경기도,특수대학원,서울신학대학교,본교,사립,847000,7223515.6,2023-10-31,B552529,한국장학재단
2023,41,경기도,특수대학원,성결대학교,본교,사립,850000,8834076,2023-10-31,B552529,한국장학재단
2023,41,경기도,특수대학원,차의과학대학교,본교,사립,748000,11334208.6,2023-10-31,B552529,한국장학재단
2023,41,경기도,특수대학원,한세대학교,본교,사립,600000,7813918,2023-10-31,B552529,한국장학재단
2023,41,경기도,특수대학원,아신대학교,본교,사립,738000,5966261.6,2023-10-31,B552529,한국장학재단
2023,41,경기도,특수대학원,안양대학교,본교,사립,750000,8108971.2,2023-10-31,B552529,한국장학재단
2023,41,경기도,특수대학원,한국항공대학교,본교,사립,744000,11522960,2023-10-31,B552529,한국장학재단
2023,41,경기도,특수대학원,칼빈대학교,본교,사립,160000,6480000,2023-10-31,B552529,한국장학재단
2023,41,경기도,특수대학원,평택대학교,본교,사립,840000,7910000,2023-10-31,B552529,한국장학재단
2023,41,경기도,특수대학원,한신대학교,본교,사립,956000,8113549.2,2023-10-31,B552529,한국장학재단
2023,41,경기도,특수대학원,한국공학대학교,본교,사립,700000,7796000,2023-10-31,B552529,한국장학재단
2023,41,경기도,특수대학원,신한대학교,본교,사립,500000,9000000,2023-10-31,B552529,한국장학재단
2023,41,경기도,특수대학원,구세군사관대학원대학교,본교,사립,0,6400000,2023-10-31,B552529,한국장학재단
2023,51,강원특별자치도,특수대학원,가톨릭관동대학교,본교,사립,630000,6245489.6,2023-10-31,B552529,한국장학재단
2023,51,강원특별자치도,특수대학원,한라대학교,본교,사립,747000,8278000,2023-10-31,B552529,한국장학재단
2023,51,강원특별자치도,특수대학원,상지대학교,본교,사립,715000,9000961.8,2023-10-31,B552529,한국장학재단
2023,51,강원특별자치도,특수대학원,한림대학교,본교,사립,815516.3,8480232.6,2023-10-31,B552529,한국장학재단
2023,43,충청북도,특수대학원,유원대학교,본교,사립,400000,6300000,2023-10-31,B552529,한국장학재단
2023,43,충청북도,특수대학원,세명대학교,본교,사립,140000,5785636.4,2023-10-31,B552529,한국장학재단
2023,43,충청북도,특수대학원,서원대학교,본교,사립,677000,6200000,2023-10-31,B552529,한국장학재단
2023,43,충청북도,특수대학원,청주대학교,본교,사립,416000,5932958.6,2023-10-31,B552529,한국장학재단
2023,43,충청북도,특수대학원,극동대학교,본교,사립,600000,6995659.4,2023-10-31,B552529,한국장학재단
2023,43,충청북도,특수대학원,가톨릭꽃동네대학교,본교,사립,700000,5602000,2023-10-31,B552529,한국장학재단
2023,43,충청북도,특수대학원,중원대학교,본교,사립,640000,6398476.2,2023-10-31,B552529,한국장학재단
2023,44,충청남도,특수대학원,나사렛대학교,본교,사립,800000,7422000,2023-10-31,B552529,한국장학재단
2023,44,충청남도,특수대학원,순천향대학교,본교,사립,750000,6947986.2,2023-10-31,B552529,한국장학재단
2023,44,충청남도,특수대학원,백석대학교,본교,사립,620000,8883438,2023-10-31,B552529,한국장학재단
2023,44,충청남도,특수대학원,선문대학교,본교,사립,783000,6128098.8,2023-10-31,B552529,한국장학재단
2023,44,충청남도,특수대학원,중부대학교,본교,사립,550000,5028053.4,2023-10-31,B552529,한국장학재단
2023,44,충청남도,특수대학원,한국기술교육대학교,본교,사립,257000,6306000,2023-10-31,B552529,한국장학재단
2023,44,충청남도,특수대학원,한서대학교,본교,사립,700000,7032400,2023-10-31,B552529,한국장학재단
2023,44,충청남도,특수대학원,청운대학교,본교,사립,650000,4868437.6,2023-10-31,B552529,한국장학재단
2023,44,충청남도,특수대학원,호서대학교,본교,사립,780000,6469947.4,2023-10-31,B552529,한국장학재단
2023,44,충청남도,특수대학원,남서울대학교,본교,사립,750000,6500000,2023-10-31,B552529,한국장학재단
2023,11,서울특별시,특수대학원,서울기독대학교,본교,사립,600000,6496000,2023-10-31,B552529,한국장학재단
2023,11,서울특별시,특수대학원,서울사회복지대학원대학교,본교,사립,672000,6848000,2023-10-31,B552529,한국장학재단
2023,11,서울특별시,특수대학원,한림국제대학원대학교,본교,사립,840000,10025000,2023-10-31,B552529,한국장학재단
2023,11,서울특별시,특수대학원,한반도국제대학원대학교,본교,사립,0,3600000,2023-10-31,B552529,한국장학재단
2023,11,서울특별시,특수대학원,경희사이버대학교,본교,사립,700000,5800000,2023-10-31,B552529,한국장학재단
2023,11,서울특별시,특수대학원,사이버한국외국어대학교,본교,사립,500000,5800000,2023-10-31,B552529,한국장학재단
2023,11,서울특별시,특수대학원,서울사이버대학교,본교,사립,500000,5600000,2023-10-31,B552529,한국장학재단
2023,11,서울특별시,특수대학원,세종사이버대학교,본교,사립,500000,5800000,2023-10-31,B552529,한국장학재단
2023,11,서울특별시,특수대학원,한양사이버대학교,본교,사립,700000,5900000,2023-10-31,B552529,한국장학재단
2023,11,서울특별시,특수대학원,고려사이버대학교,본교,사립,200000,6600000,2023-10-31,B552529,한국장학재단
2023,11,서울특별시,특수대학원,서울미디어대학원대학교,본교,사립,800000,6835820.8,2023-10-31,B552529,한국장학재단
2023,26,부산광역시,특수대학원,고신대학교,본교,사립,618874.2,6144121.2,2023-10-31,B552529,한국장학재단
2023,26,부산광역시,특수대학원,동명대학교,본교,사립,550000,5370755.6,2023-10-31,B552529,한국장학재단
2023,26,부산광역시,특수대학원,동서대학교,본교,사립,600000,6863322.6,2023-10-31,B552529,한국장학재단
2023,26,부산광역시,특수대학원,동아대학교,본교,사립,692000,6492886,2023-10-31,B552529,한국장학재단
2023,26,부산광역시,특수대학원,동의대학교,본교,사립,630000,6771483,2023-10-31,B552529,한국장학재단
2023,26,부산광역시,특수대학원,신라대학교,본교,사립,572387.1,5779187.2,2023-10-31,B552529,한국장학재단
2023,26,부산광역시,특수대학원,부산가톨릭대학교,본교,사립,532000,6158000,2023-10-31,B552529,한국장학재단
2023,26,부산광역시,특수대학원,부산외국어대학교,본교,사립,600000,7627538,2023-10-31,B552529,한국장학재단
2023,26,부산광역시,특수대학원,경성대학교,본교,사립,550000,6244000,2023-10-31,B552529,한국장학재단
2023,26,부산광역시,특수대학원,부산디지털대학교,본교,사립,400000,5400000,2023-10-31,B552529,한국장학재단
2023,27,대구광역시,특수대학원,계명대학교,본교,사립,810000,6582977.4,2023-10-31,B552529,한국장학재단
2023,28,인천광역시,특수대학원,인하대학교,본교,사립,1041000,10866000,2023-10-31,B552529,한국장학재단
2023,29,광주광역시,특수대학원,광신대학교,본교,사립,353432,5183182.8,2023-10-31,B552529,한국장학재단
2023,29,광주광역시,특수대학원,호남대학교,본교,사립,536000,6552145.8,2023-10-31,B552529,한국장학재단
2023,29,광주광역시,특수대학원,광주여자대학교,본교,사립,600000,6352981.8,2023-10-31,B552529,한국장학재단
2023,29,광주광역시,특수대학원,호남신학대학교,본교,사립,496000,5859205.4,2023-10-31,B552529,한국장학재단
2023,29,광주광역시,특수대학원,조선대학교,본교,사립,727000,6650458.2,2023-10-31,B552529,한국장학재단
2023,29,광주광역시,특수대학원,광주대학교,본교,사립,500000,6686416.6,2023-10-31,B552529,한국장학재단
2023,29,광주광역시,특수대학원,남부대학교,본교,사립,567000,6125500,2023-10-31,B552529,한국장학재단
2023,29,광주광역시,특수대학원,송원대학교,본교,사립,400000,6088000,2023-10-31,B552529,한국장학재단
2023,30,대전광역시,특수대학원,목원대학교,본교,사립,682000,5986484.8,2023-10-31,B552529,한국장학재단
2023,30,대전광역시,특수대학원,한남대학교,본교,사립,716300,6384687,2023-10-31,B552529,한국장학재단
2023,30,대전광역시,특수대학원,대전신학대학교,본교,사립,600000,5592666.6,2023-10-31,B552529,한국장학재단
2023,30,대전광역시,특수대학원,우송대학교,본교,사립,725000,7569392.8,2023-10-31,B552529,한국장학재단
2023,30,대전광역시,특수대학원,배재대학교,본교,사립,775000,6447125,2023-10-31,B552529,한국장학재단
2023,30,대전광역시,특수대학원,한국침례신학대학교,본교,사립,805000,6196000,2023-10-31,B552529,한국장학재단
2023,30,대전광역시,특수대학원,대전대학교,본교,사립,730000,6802500,2023-10-31,B552529,한국장학재단
2023,31,울산광역시,특수대학원,울산대학교,본교,사립,681000,7153515.6,2023-10-31,B552529,한국장학재단
2023,41,경기도,특수대학원,가톨릭대학교,본교,사립,1029000,9749717,2023-10-31,B552529,한국장학재단
2023,41,경기도,특수대학원,강남대학교,본교,사립,783854.2,9810250,2023-10-31,B552529,한국장학재단
2023,41,경기도,특수대학원,경기대학교,본교,사립,888000,9813581.8,2023-10-31,B552529,한국장학재단
2023,28,인천광역시,일반대학원,인천가톨릭대학교,제2캠퍼,사립,950000,12041250,2023-10-31,B552529,한국장학재단
2023,30,대전광역시,일반대학원,건양대학교,제2캠퍼,사립,600000,9056795.4,2023-10-31,B552529,한국장학재단
2023,41,경기도,일반대학원,중앙대학교,제2캠퍼,사립,980000,13009047.6,2023-10-31,B552529,한국장학재단
2023,44,충청남도,일반대학원,상명대학교,제2캠퍼,사립,1039000,11942611.2,2023-10-31,B552529,한국장학재단
2023,44,충청남도,일반대학원,단국대학교,제2캠퍼,사립,980000,13558424,2023-10-31,B552529,한국장학재단
2023,36,세종특별자치시,일반대학원,홍익대학교,제2캠퍼,사립,996000,13608150,2023-10-31,B552529,한국장학재단
2023,51,강원특별자치도,일반대학원,강릉원주대학교,제2캠퍼,국립,0,4727157.8,2023-10-31,B552529,한국장학재단
2023,11,서울특별시,일반대학원,가톨릭대학교,제3캠퍼,사립,1019000,9376000,2023-10-31,B552529,한국장학재단
2023,41,경기도,일반대학원,을지대학교,제3캠퍼,사립,844000,9795971,2023-10-31,B552529,한국장학재단
2023,11,서울특별시,특수대학원,감리교신학대학교,본교,사립,894121.4,6849286.2,2023-10-31,B552529,한국장학재단
2023,11,서울특별시,특수대학원,건국대학교,본교,사립,1015000,9345799.6,2023-10-31,B552529,한국장학재단
2023,11,서울특별시,특수대학원,고려대학교,본교,사립,1227638.6,12640632.2,2023-10-31,B552529,한국장학재단
2023,11,서울특별시,특수대학원,경희대학교,본교,사립,995134,11293502.4,2023-10-31,B552529,한국장학재단
2023,11,서울특별시,특수대학원,광운대학교,본교,사립,948848.5,9835642.8,2023-10-31,B552529,한국장학재단
2023,11,서울특별시,특수대학원,국민대학교,본교,사립,1013332,10167121.2,2023-10-31,B552529,한국장학재단
2023,11,서울특별시,특수대학원,세종대학교,본교,사립,866941.2,8948916.6,2023-10-31,B552529,한국장학재단
2023,11,서울특별시,특수대학원,총신대학교,본교,사립,891515.6,7072293.6,2023-10-31,B552529,한국장학재단
2023,11,서울특별시,특수대학원,덕성여자대학교,본교,사립,1094000,8568000,2023-10-31,B552529,한국장학재단
2023,11,서울특별시,특수대학원,동국대학교,본교,사립,1021000,10300995.6,2023-10-31,B552529,한국장학재단
2023,11,서울특별시,특수대학원,동덕여자대학교,본교,사립,813000,9398544.6,2023-10-31,B552529,한국장학재단
2023,11,서울특별시,특수대학원,한국외국어대학교,본교,사립,1053330.6,9498000,2023-10-31,B552529,한국장학재단
2023,11,서울특별시,특수대학원,삼육대학교,본교,사립,835000,9206315.8,2023-10-31,B552529,한국장학재단
2023,11,서울특별시,특수대학원,상명대학교,본교,사립,1039000,9695214.2,2023-10-31,B552529,한국장학재단
2023,11,서울특별시,특수대학원,서강대학교,본교,사립,1123000,11644466.8,2023-10-31,B552529,한국장학재단
2023,11,서울특별시,특수대학원,서경대학교,본교,사립,875000,9100842.2,2023-10-31,B552529,한국장학재단
2023,11,서울특별시,특수대학원,성공회대학교,본교,사립,831500,9145134.6,2023-10-31,B552529,한국장학재단
2023,11,서울특별시,특수대학원,성균관대학교,본교,사립,1169000,12264213.6,2023-10-31,B552529,한국장학재단
2023,11,서울특별시,특수대학원,성신여자대학교,본교,사립,931000,9579517.8,2023-10-31,B552529,한국장학재단
2023,11,서울특별시,특수대학원,숙명여자대학교,본교,사립,913000,9231383.6,2023-10-31,B552529,한국장학재단
2023,11,서울특별시,특수대학원,숭실대학교,본교,사립,928924.9,10534972.6,2023-10-31,B552529,한국장학재단
2023,11,서울특별시,특수대학원,연세대학교,본교,사립,1191994.1,12841377.8,2023-10-31,B552529,한국장학재단
2023,11,서울특별시,특수대학원,이화여자대학교,본교,사립,1090000,12233621.4,2023-10-31,B552529,한국장학재단
2023,11,서울특별시,특수대학원,장로회신학대학교,본교,사립,772000,7464540,2023-10-31,B552529,한국장학재단
2023,11,서울특별시,특수대학원,서울여자대학교,본교,사립,948000,7792666.6,2023-10-31,B552529,한국장학재단
2023,11,서울특별시,특수대학원,중앙대학교,본교,사립,980000,12469822,2023-10-31,B552529,한국장학재단
2023,11,서울특별시,특수대학원,추계예술대학교,본교,사립,650000,8343091,2023-10-31,B552529,한국장학재단
2023,11,서울특별시,특수대학원,강서대학교,본교,사립,700000,7523250,2023-10-31,B552529,한국장학재단
2023,11,서울특별시,특수대학원,한국성서대학교,본교,사립,400000,7141320.8,2023-10-31,B552529,한국장학재단
2023,11,서울특별시,특수대학원,한성대학교,본교,사립,856080.1,7279909.4,2023-10-31,B552529,한국장학재단
2023,11,서울특별시,특수대학원,한양대학교,본교,사립,1030000,12110944.8,2023-10-31,B552529,한국장학재단
2023,11,서울특별시,특수대학원,서울한영대학교,본교,사립,500000,6219937.6,2023-10-31,B552529,한국장학재단
2023,11,서울특별시,특수대학원,홍익대학교,본교,사립,996000,11515706.4,2023-10-31,B552529,한국장학재단
2023,11,서울특별시,일반대학원,한국체육대학교,본교,국립,190000,6488000,2023-10-31,B552529,한국장학재단
2023,11,서울특별시,일반대학원,서울과학기술대학교,본교,국립,22000,7258201.2,2023-10-31,B552529,한국장학재단
2023,26,부산광역시,일반대학원,부경대학교,본교,국립,178000,4581015.2,2023-10-31,B552529,한국장학재단
2023,26,부산광역시,일반대학원,부산대학교,본교,국립,181000,5924339.8,2023-10-31,B552529,한국장학재단
2023,26,부산광역시,일반대학원,한국해양대학교,본교,국립,178500,4896402.4,2023-10-31,B552529,한국장학재단
2023,27,대구광역시,일반대학원,경북대학교,본교,국립,189000,6141051.6,2023-10-31,B552529,한국장학재단
2023,27,대구광역시,일반대학원,대구경북과학기술원,본교,국립,0,7280000,2023-10-31,B552529,한국장학재단
2023,28,인천광역시,일반대학원,인천대학교,본교,국립,485000,7681486,2023-10-31,B552529,한국장학재단
2023,29,광주광역시,일반대학원,전남대학교,본교,국립,0,5889234.8,2023-10-31,B552529,한국장학재단
2023,29,광주광역시,일반대학원,광주과학기술원,본교,국립,680000,6830000,2023-10-31,B552529,한국장학재단
2023,30,대전광역시,일반대학원,충남대학교,본교,국립,181000,5950527.8,2023-10-31,B552529,한국장학재단
2023,30,대전광역시,일반대학원,한국과학기술원,본교,국립,0,19377096.8,2023-10-31,B552529,한국장학재단
2023,30,대전광역시,일반대학원,한밭대학교,본교,국립,42700,5612741.4,2023-10-31,B552529,한국장학재단
2023,31,울산광역시,일반대학원,울산과학기술원,본교,국립,0,7712204.4,2023-10-31,B552529,한국장학재단
2023,41,경기도,일반대학원,한국학대학원,본교,국립,0,2560000,2023-10-31,B552529,한국장학재단
2023,41,경기도,일반대학원,한경국립대학교,본교,국립,23000,5541482.4,2023-10-31,B552529,한국장학재단
2023,51,강원특별자치도,일반대학원,강릉원주대학교,본교,국립,0,5327031.4,2023-10-31,B552529,한국장학재단
2023,51,강원특별자치도,일반대학원,강원대학교,본교,국립,178000,5442109.4,2023-10-31,B552529,한국장학재단
2023,43,충청북도,일반대학원,충북대학교,본교,국립,175000,5160358,2023-10-31,B552529,한국장학재단
2023,43,충청북도,일반대학원,한국교원대학교,본교,국립,197000,5505064.4,2023-10-31,B552529,한국장학재단
2023,43,충청북도,일반대학원,한국교통대학교,본교,국립,45000,5099231.8,2023-10-31,B552529,한국장학재단
2023,44,충청남도,일반대학원,공주대학교,본교,국립,179000,4760049,2023-10-31,B552529,한국장학재단
2023,44,충청남도,일반대학원,한국전통문화대학교(일반),본교,국립,0,3536363.6,2023-10-31,B552529,한국장학재단
2023,45,전라북도,일반대학원,군산대학교,본교,국립,178000,4451446.6,2023-10-31,B552529,한국장학재단
2023,45,전라북도,일반대학원,전북대학교,본교,국립,178000,5987669.8,2023-10-31,B552529,한국장학재단
2023,46,전라남도,일반대학원,목포대학교,본교,국립,189000,4584572.4,2023-10-31,B552529,한국장학재단
2023,46,전라남도,일반대학원,목포해양대학교,본교,국립,168000,4504000,2023-10-31,B552529,한국장학재단
2023,46,전라남도,일반대학원,순천대학교,본교,국립,180000,4813943,2023-10-31,B552529,한국장학재단
2023,46,전라남도,일반대학원,한국에너지공과대학교,본교,국립,0,9000000,2023-10-31,B552529,한국장학재단
2023,47,경상북도,일반대학원,금오공과대학교,본교,국립,184000,4867063.8,2023-10-31,B552529,한국장학재단
2023,47,경상북도,일반대학원,안동대학교,본교,국립,173400,4131354.4,2023-10-31,B552529,한국장학재단
2023,48,경상남도,일반대학원,경상국립대학교,본교,국립,180000,5392025.8,2023-10-31,B552529,한국장학재단
2023,48,경상남도,일반대학원,창원대학교,본교,국립,0,4605406.4,2023-10-31,B552529,한국장학재단
2023,50,제주특별자치도,일반대학원,제주대학교,본교,국립,183000,5139195.4,2023-10-31,B552529,한국장학재단
2023,11,서울특별시,일반대학원,서울시립대학교,본교,공립,184000,5610160.2,2023-10-31,B552529,한국장학재단
2023,41,경기도,일반대학원,한양대학교(ERICA),분교,사립,1030000,13232236,2023-10-31,B552529,한국장학재단
2023,51,강원특별자치도,일반대학원,연세대학교(미래),분교,사립,1028000,12346285.8,2023-10-31,B552529,한국장학재단
2023,43,충청북도,일반대학원,건국대학교(글로컬),분교,사립,1015000,10707718.8,2023-10-31,B552529,한국장학재단
2023,47,경상북도,일반대학원,동국대학교(WISE),분교,사립,1047000,10574776.2,2023-10-31,B552529,한국장학재단
2023,36,세종특별자치시,일반대학원,고려대학교(세종),분교,사립,1142000,12105680.2,2023-10-31,B552529,한국장학재단
2023,11,서울특별시,일반대학원,가톨릭대학교,제2캠퍼,사립,955000,14906148.6,2023-10-31,B552529,한국장학재단
2023,26,부산광역시,일반대학원,영산대학교,제2캠퍼,사립,553000,8833709,2023-10-31,B552529,한국장학재단
2023,44,충청남도,일반대학원,나사렛대학교,본교,사립,800000,9266747,2023-10-31,B552529,한국장학재단
2023,44,충청남도,일반대학원,순천향대학교,본교,사립,750000,10902842.6,2023-10-31,B552529,한국장학재단
2023,44,충청남도,일반대학원,백석대학교,본교,사립,620000,10736000,2023-10-31,B552529,한국장학재단
2023,44,충청남도,일반대학원,선문대학교,본교,사립,783000,9051675,2023-10-31,B552529,한국장학재단
2023,44,충청남도,일반대학원,중부대학교,본교,사립,550000,7419574.2,2023-10-31,B552529,한국장학재단
2023,44,충청남도,일반대학원,한국기술교육대학교,본교,사립,257000,5343021.2,2023-10-31,B552529,한국장학재단
2023,44,충청남도,일반대학원,한서대학교,본교,사립,700000,9082813.4,2023-10-31,B552529,한국장학재단
2023,44,충청남도,일반대학원,호서대학교,본교,사립,780000,9681991.6,2023-10-31,B552529,한국장학재단
2023,44,충청남도,일반대학원,금강대학교,본교,사립,1000000,7400000,2023-10-31,B552529,한국장학재단
2023,44,충청남도,일반대학원,남서울대학교,본교,사립,750000,6721619,2023-10-31,B552529,한국장학재단
2023,45,전라북도,일반대학원,전주대학교,본교,사립,650000,8190400,2023-10-31,B552529,한국장학재단
2023,45,전라북도,일반대학원,우석대학교,본교,사립,604000,8814286.2,2023-10-31,B552529,한국장학재단
2023,45,전라북도,일반대학원,원광대학교,본교,사립,640000,9702810,2023-10-31,B552529,한국장학재단
2023,45,전라북도,일반대학원,한일장신대학교,본교,사립,550000,7410105.2,2023-10-31,B552529,한국장학재단
2023,45,전라북도,일반대학원,예수대학교,본교,사립,473000,7430000,2023-10-31,B552529,한국장학재단
2023,46,전라남도,일반대학원,광주가톨릭대학교,본교,사립,0,0,2023-10-31,B552529,한국장학재단
2023,46,전라남도,일반대학원,세한대학교,본교,사립,610000,5685333.4,2023-10-31,B552529,한국장학재단
2023,46,전라남도,일반대학원,동신대학교,본교,사립,530000,8131687.6,2023-10-31,B552529,한국장학재단
2023,46,전라남도,일반대학원,초당대학교,본교,사립,400000,7060200,2023-10-31,B552529,한국장학재단
2023,47,경상북도,일반대학원,영남신학대학교,본교,사립,550000,8515691,2023-10-31,B552529,한국장학재단
2023,47,경상북도,일반대학원,대신대학교,본교,사립,550000,6725777.8,2023-10-31,B552529,한국장학재단
2023,47,경상북도,일반대학원,대구가톨릭대학교,본교,사립,771000,9308123.8,2023-10-31,B552529,한국장학재단
2023,47,경상북도,일반대학원,대구대학교,본교,사립,750000,8519520,2023-10-31,B552529,한국장학재단
2023,47,경상북도,일반대학원,영남대학교,본교,사립,796000,9737916,2023-10-31,B552529,한국장학재단
2023,47,경상북도,일반대학원,경주대학교,본교,사립,658000,6891692.4,2023-10-31,B552529,한국장학재단
2023,47,경상북도,일반대학원,경일대학교,본교,사립,750000,8095874.2,2023-10-31,B552529,한국장학재단
2023,47,경상북도,일반대학원,대구한의대학교,본교,사립,780000,9675150.2,2023-10-31,B552529,한국장학재단
2023,47,경상북도,일반대학원,포항공과대학교,본교,사립,898000,10096987,2023-10-31,B552529,한국장학재단
2023,47,경상북도,일반대학원,한동대학교,본교,사립,900000,10387561.6,2023-10-31,B552529,한국장학재단
2023,47,경상북도,일반대학원,동양대학교,본교,사립,710000,7650819.2,2023-10-31,B552529,한국장학재단
2023,47,경상북도,일반대학원,위덕대학교,본교,사립,600000,8097475.8,2023-10-31,B552529,한국장학재단
2023,47,경상북도,일반대학원,김천대학교,본교,사립,675000,6765941.2,2023-10-31,B552529,한국장학재단
2023,47,경상북도,일반대학원,경운대학교,본교,사립,700000,8972600,2023-10-31,B552529,한국장학재단
2023,48,경상남도,일반대학원,영산대학교,본교,사립,553000,9322571.4,2023-10-31,B552529,한국장학재단
2023,48,경상남도,일반대학원,인제대학교,본교,사립,745000,10706520.4,2023-10-31,B552529,한국장학재단
2023,48,경상남도,일반대학원,경남대학교,본교,사립,600000,7927739.2,2023-10-31,B552529,한국장학재단
2023,48,경상남도,일반대학원,부산장신대학교,본교,사립,600000,7856640,2023-10-31,B552529,한국장학재단
2023,48,경상남도,일반대학원,창신대학교,본교,사립,0,8096470.6,2023-10-31,B552529,한국장학재단
2023,48,경상남도,일반대학원,가야대학교(김해),본교,사립,653000,8113230.8,2023-10-31,B552529,한국장학재단
2023,50,제주특별자치도,일반대학원,제주국제대학교,본교,사립,540000,6586666.6,2023-10-31,B552529,한국장학재단
2023,36,세종특별자치시,일반대학원,대전가톨릭대학교,본교,사립,0,6220000,2023-10-31,B552529,한국장학재단
2023,11,서울특별시,일반대학원,서울대학교,본교,국립,169000,7741834.4,2023-10-31,B552529,한국장학재단
2023,30,대전광역시,일반대학원,한남대학교,본교,사립,716300,8016219.2,2023-10-31,B552529,한국장학재단
2023,30,대전광역시,일반대학원,대전신학대학교,본교,사립,600000,7407692.4,2023-10-31,B552529,한국장학재단
2023,30,대전광역시,일반대학원,우송대학교,본교,사립,725000,10154800,2023-10-31,B552529,한국장학재단
2023,30,대전광역시,일반대학원,배재대학교,본교,사립,775000,9019057.2,2023-10-31,B552529,한국장학재단
2023,30,대전광역시,일반대학원,한국침례신학대학교,본교,사립,836652.2,7684880,2023-10-31,B552529,한국장학재단
2023,30,대전광역시,일반대학원,대전대학교,본교,사립,730000,10016604.6,2023-10-31,B552529,한국장학재단
2023,31,울산광역시,일반대학원,울산대학교,본교,사립,739000,11173719.4,2023-10-31,B552529,한국장학재단
2023,41,경기도,일반대학원,가톨릭대학교,본교,사립,1019000,11076450,2023-10-31,B552529,한국장학재단
2023,41,경기도,일반대학원,강남대학교,본교,사립,875000,9605663.6,2023-10-31,B552529,한국장학재단
2023,41,경기도,일반대학원,경기대학교,본교,사립,888000,10289701.4,2023-10-31,B552529,한국장학재단
2023,41,경기도,일반대학원,가천대학교,본교,사립,907000,10830287,2023-10-31,B552529,한국장학재단
2023,41,경기도,일반대학원,수원대학교,본교,사립,768000,9466423.4,2023-10-31,B552529,한국장학재단
2023,41,경기도,일반대학원,서울장신대학교,본교,사립,442000,9634000,2023-10-31,B552529,한국장학재단
2023,41,경기도,일반대학원,수원가톨릭대학교,본교,사립,0,5563000,2023-10-31,B552529,한국장학재단
2023,41,경기도,일반대학원,단국대학교,본교,사립,980000,12159195.6,2023-10-31,B552529,한국장학재단
2023,41,경기도,일반대학원,용인대학교,본교,사립,840000,11176971.4,2023-10-31,B552529,한국장학재단
2023,41,경기도,일반대학원,아주대학교,본교,사립,900000,12907174.8,2023-10-31,B552529,한국장학재단
2023,41,경기도,일반대학원,대진대학교,본교,사립,895000,10782351.6,2023-10-31,B552529,한국장학재단
2023,41,경기도,일반대학원,명지대학교,본교,사립,930000,11182353.6,2023-10-31,B552529,한국장학재단
2023,41,경기도,일반대학원,협성대학교,본교,사립,800000,7092244.8,2023-10-31,B552529,한국장학재단
2023,41,경기도,일반대학원,서울신학대학교,본교,사립,881750,9003111.2,2023-10-31,B552529,한국장학재단
2023,41,경기도,일반대학원,성결대학교,본교,사립,850000,8822822,2023-10-31,B552529,한국장학재단
2023,41,경기도,일반대학원,차의과학대학교,본교,사립,806000,12686570.6,2023-10-31,B552529,한국장학재단
2023,41,경기도,일반대학원,한세대학교,본교,사립,600000,8905914.2,2023-10-31,B552529,한국장학재단
2023,41,경기도,일반대학원,중앙승가대학교,본교,사립,566666.7,5700000,2023-10-31,B552529,한국장학재단
2023,41,경기도,일반대학원,아신대학교,본교,사립,738000,7254766,2023-10-31,B552529,한국장학재단
2023,41,경기도,일반대학원,안양대학교,본교,사립,823809.5,10083274.8,2023-10-31,B552529,한국장학재단
2023,41,경기도,일반대학원,한국항공대학교,본교,사립,744000,11510928.6,2023-10-31,B552529,한국장학재단
2023,41,경기도,일반대학원,칼빈대학교,본교,사립,160000,8540000,2023-10-31,B552529,한국장학재단
2023,41,경기도,일반대학원,평택대학교,본교,사립,840000,8778625,2023-10-31,B552529,한국장학재단
2023,41,경기도,일반대학원,한신대학교,본교,사립,956000,8629209,2023-10-31,B552529,한국장학재단
2023,41,경기도,일반대학원,한국공학대학교,본교,사립,700000,9756000,2023-10-31,B552529,한국장학재단
2023,41,경기도,일반대학원,신한대학교,본교,사립,500000,9386554.6,2023-10-31,B552529,한국장학재단
2023,51,강원특별자치도,일반대학원,가톨릭관동대학교,본교,사립,630000,9122452.6,2023-10-31,B552529,한국장학재단
2023,51,강원특별자치도,일반대학원,상지대학교,본교,사립,715000,10865013.8,2023-10-31,B552529,한국장학재단
2023,51,강원특별자치도,일반대학원,한림대학교,본교,사립,992000,11822502.8,2023-10-31,B552529,한국장학재단
2023,43,충청북도,일반대학원,세명대학교,본교,사립,135555.6,8188239.4,2023-10-31,B552529,한국장학재단
2023,43,충청북도,일반대학원,서원대학교,본교,사립,677000,8700000,2023-10-31,B552529,한국장학재단
2023,43,충청북도,일반대학원,청주대학교,본교,사립,416000,9470124.2,2023-10-31,B552529,한국장학재단
2023,43,충청북도,일반대학원,극동대학교,본교,사립,600000,8672000,2023-10-31,B552529,한국장학재단
2023,43,충청북도,일반대학원,가톨릭꽃동네대학교,본교,사립,700000,6000000,2023-10-31,B552529,한국장학재단
2023,43,충청북도,일반대학원,중원대학교,본교,사립,750000,6900300,2023-10-31,B552529,한국장학재단
2023,11,서울특별시,일반대학원,삼육대학교,본교,사립,835000,10819427,2023-10-31,B552529,한국장학재단
2023,11,서울특별시,일반대학원,상명대학교,본교,사립,1039000,11227429.8,2023-10-31,B552529,한국장학재단
2023,11,서울특별시,일반대학원,서강대학교,본교,사립,1042000,11730730.2,2023-10-31,B552529,한국장학재단
2023,11,서울특별시,일반대학원,서경대학교,본교,사립,875000,9655372.4,2023-10-31,B552529,한국장학재단
2023,11,서울특별시,일반대학원,성공회대학교,본교,사립,831500,10225413.8,2023-10-31,B552529,한국장학재단
2023,11,서울특별시,일반대학원,성균관대학교,본교,사립,1141000,13532277.8,2023-10-31,B552529,한국장학재단
2023,11,서울특별시,일반대학원,성신여자대학교,본교,사립,931000,10293774,2023-10-31,B552529,한국장학재단
2023,11,서울특별시,일반대학원,숙명여자대학교,본교,사립,913000,11247293.4,2023-10-31,B552529,한국장학재단
2023,11,서울특별시,일반대학원,숭실대학교,본교,사립,950000,11346988.6,2023-10-31,B552529,한국장학재단
2023,11,서울특별시,일반대학원,연세대학교,본교,사립,999216,12587715.6,2023-10-31,B552529,한국장학재단
2023,11,서울특별시,일반대학원,이화여자대학교,본교,사립,1027000,11889960.4,2023-10-31,B552529,한국장학재단
2023,11,서울특별시,일반대학원,장로회신학대학교,본교,사립,772000,9799756.6,2023-10-31,B552529,한국장학재단
2023,11,서울특별시,일반대학원,서울여자대학교,본교,사립,1000000,9538292,2023-10-31,B552529,한국장학재단
2023,11,서울특별시,일반대학원,중앙대학교,본교,사립,980000,12402724.8,2023-10-31,B552529,한국장학재단
2023,11,서울특별시,일반대학원,추계예술대학교,본교,사립,650000,10483583.8,2023-10-31,B552529,한국장학재단
2023,11,서울특별시,일반대학원,강서대학교,본교,사립,723333.3,7827071.4,2023-10-31,B552529,한국장학재단
2023,11,서울특별시,일반대학원,한국성서대학교,본교,사립,400000,9100000,2023-10-31,B552529,한국장학재단
2023,11,서울특별시,일반대학원,한성대학교,본교,사립,936912.7,9404993.2,2023-10-31,B552529,한국장학재단
2023,11,서울특별시,일반대학원,한양대학교,본교,사립,1030000,12881432.2,2023-10-31,B552529,한국장학재단
2023,11,서울특별시,일반대학원,서울한영대학교,본교,사립,600000,8479230.8,2023-10-31,B552529,한국장학재단
2023,11,서울특별시,일반대학원,홍익대학교,본교,사립,996000,12851585.6,2023-10-31,B552529,한국장학재단
2023,11,서울특별시,일반대학원,서울기독대학교,본교,사립,600000,7663695,2023-10-31,B552529,한국장학재단
2023,26,부산광역시,일반대학원,고신대학교,본교,사립,609687.5,8649905.8,2023-10-31,B552529,한국장학재단
2023,26,부산광역시,일반대학원,동명대학교,본교,사립,550000,5879716.6,2023-10-31,B552529,한국장학재단
2023,26,부산광역시,일반대학원,동서대학교,본교,사립,600000,9815939,2023-10-31,B552529,한국장학재단
2023,26,부산광역시,일반대학원,동아대학교,본교,사립,692000,9736520.2,2023-10-31,B552529,한국장학재단
2023,26,부산광역시,일반대학원,동의대학교,본교,사립,630000,9551283,2023-10-31,B552529,한국장학재단
2023,26,부산광역시,일반대학원,신라대학교,본교,사립,590000,8294871.6,2023-10-31,B552529,한국장학재단
2023,26,부산광역시,일반대학원,부산가톨릭대학교,본교,사립,532000,7539965,2023-10-31,B552529,한국장학재단
2023,26,부산광역시,일반대학원,부산외국어대학교,본교,사립,600000,8793767.6,2023-10-31,B552529,한국장학재단
2023,26,부산광역시,일반대학원,경성대학교,본교,사립,550000,8766123.2,2023-10-31,B552529,한국장학재단
2023,27,대구광역시,일반대학원,계명대학교,본교,사립,810000,9367300.2,2023-10-31,B552529,한국장학재단
2023,28,인천광역시,일반대학원,인천가톨릭대학교,본교,사립,0,5569000,2023-10-31,B552529,한국장학재단
2023,28,인천광역시,일반대학원,인하대학교,본교,사립,1041000,11468264.2,2023-10-31,B552529,한국장학재단
2023,29,광주광역시,일반대학원,광신대학교,본교,사립,390833.3,6655349.2,2023-10-31,B552529,한국장학재단
2023,29,광주광역시,일반대학원,호남대학교,본교,사립,536000,7746556.4,2023-10-31,B552529,한국장학재단
2023,29,광주광역시,일반대학원,광주여자대학교,본교,사립,600000,8055714.2,2023-10-31,B552529,한국장학재단
2023,29,광주광역시,일반대학원,호남신학대학교,본교,사립,496000,7883803.2,2023-10-31,B552529,한국장학재단
2023,29,광주광역시,일반대학원,조선대학교,본교,사립,727000,9644007.8,2023-10-31,B552529,한국장학재단
2023,29,광주광역시,일반대학원,광주대학교,본교,사립,516666.7,7083371.4,2023-10-31,B552529,한국장학재단
2023,29,광주광역시,일반대학원,남부대학교,본교,사립,567000,7479666.6,2023-10-31,B552529,한국장학재단
2023,30,대전광역시,일반대학원,목원대학교,본교,사립,682000,8300751.6,2023-10-31,B552529,한국장학재단
